,Open,High,Low,Close,Adj Close,Volume,Prev_Close,Prev_High,Prev_Low,Prev_Open,Prev_CO_Diff,Prev_HL_Diff,Time
1,885.5499877929688,891.0,874.0999755859375,876.3499755859375,866.0222778320312,8919761,875.25,918.9500122070312,860.0,872.0,3.25,58.95001220703125,1
2,867.0,867.0,838.0,840.8499755859375,830.9406127929688,7372427,876.3499755859375,891.0,874.0999755859375,885.5499877929688,-9.20001220703125,16.9000244140625,2
3,848.5499877929688,856.7999877929688,825.0,826.1500244140625,816.4139404296875,7078291,840.8499755859375,867.0,838.0,867.0,-26.1500244140625,29.0,3
4,826.1500244140625,852.7000122070312,803.6500244140625,816.8499755859375,807.2235107421875,12444648,826.1500244140625,856.7999877929688,825.0,848.5499877929688,-22.39996337890625,31.79998779296875,4
5,818.0,834.7000122070312,816.8499755859375,823.0999755859375,813.3998413085938,4287864,816.8499755859375,852.7000122070312,803.6500244140625,826.1500244140625,-9.300048828125,49.04998779296875,5
6,831.5,841.4500122070312,814.25,820.2999877929688,810.6328735351562,4013031,823.0999755859375,834.7000122070312,816.8499755859375,818.0,5.0999755859375,17.85003662109375,6
7,820.2999877929688,824.7999877929688,801.0,811.6500244140625,802.0848388671875,2796468,820.2999877929688,841.4500122070312,814.25,831.5,-11.20001220703125,27.20001220703125,7
8,818.5499877929688,824.6500244140625,814.3499755859375,821.5999755859375,811.9175415039062,2215807,811.6500244140625,824.7999877929688,801.0,820.2999877929688,-8.64996337890625,23.79998779296875,8
9,829.9000244140625,841.4000244140625,825.2999877929688,837.75,827.877197265625,3133717,821.5999755859375,824.6500244140625,814.3499755859375,818.5499877929688,3.04998779296875,10.300048828125,9
10,810.0,822.0,810.0,811.2999877929688,801.7389526367188,4373090,837.75,841.4000244140625,825.2999877929688,829.9000244140625,7.8499755859375,16.10003662109375,10
11,811.4000244140625,817.4500122070312,808.5,810.4000244140625,800.8495483398438,1670031,811.2999877929688,822.0,810.0,810.0,1.29998779296875,12.0,11
12,809.9500122070312,813.7999877929688,804.0,805.7000122070312,796.2048950195312,1565763,810.4000244140625,817.4500122070312,808.5,811.4000244140625,-1.0,8.95001220703125,12
13,808.6500244140625,810.75,800.0,800.25,790.819091796875,2052785,805.7000122070312,813.7999877929688,804.0,809.9500122070312,-4.25,9.79998779296875,13
14,800.25,801.7000122070312,775.0999755859375,777.3499755859375,768.1890258789062,3033514,800.25,810.75,800.0,808.6500244140625,-8.4000244140625,10.75,14
15,772.9000244140625,772.9000244140625,751.7999877929688,753.0,744.1259765625,3774512,777.3499755859375,801.7000122070312,775.0999755859375,800.25,-22.9000244140625,26.60003662109375,15
16,752.9000244140625,752.9000244140625,736.0999755859375,738.0499877929688,729.3521728515625,4103499,753.0,772.9000244140625,751.7999877929688,772.9000244140625,-19.9000244140625,21.10003662109375,16
17,729.9000244140625,736.0,720.0999755859375,721.7000122070312,713.1948852539062,3729113,738.0499877929688,752.9000244140625,736.0999755859375,752.9000244140625,-14.85003662109375,16.800048828125,17
18,713.0,719.75,708.0499877929688,709.7000122070312,701.3363037109375,3464178,721.7000122070312,736.0,720.0999755859375,729.9000244140625,-8.20001220703125,15.9000244140625,18
19,690.9000244140625,690.9000244140625,667.0,668.25,660.3746948242188,7781730,709.7000122070312,719.75,708.0499877929688,713.0,-3.29998779296875,11.70001220703125,19
20,664.0999755859375,684.0,663.0,674.2999877929688,666.3534545898438,5348769,668.25,690.9000244140625,667.0,690.9000244140625,-22.6500244140625,23.9000244140625,20
21,681.0,709.7000122070312,679.0999755859375,690.1500244140625,682.0166625976562,9204318,674.2999877929688,684.0,663.0,664.0999755859375,10.20001220703125,21.0,21
22,703.4500122070312,706.0,667.0,669.3499755859375,661.4617919921875,4049782,690.1500244140625,709.7000122070312,679.0999755859375,681.0,9.1500244140625,30.60003662109375,22
23,669.0999755859375,669.3499755859375,651.0,654.5499877929688,646.836181640625,4043000,669.3499755859375,706.0,667.0,703.4500122070312,-34.10003662109375,39.0,23
24,660.4500122070312,666.7000122070312,650.0,661.4000244140625,653.6055297851562,3522551,654.5499877929688,669.3499755859375,651.0,669.0999755859375,-14.54998779296875,18.3499755859375,24
25,667.0,671.4000244140625,663.0,665.2000122070312,657.3607177734375,2355354,661.4000244140625,666.7000122070312,650.0,660.4500122070312,0.95001220703125,16.70001220703125,25
26,666.0,684.9000244140625,664.0999755859375,668.5999755859375,660.7205810546875,3472810,665.2000122070312,671.4000244140625,663.0,667.0,-1.79998779296875,8.4000244140625,26
27,670.2000122070312,674.7000122070312,658.5999755859375,665.1500244140625,657.3113403320312,1798979,668.5999755859375,684.9000244140625,664.0999755859375,666.0,2.5999755859375,20.800048828125,27
28,669.2999877929688,673.5499877929688,659.0999755859375,661.6500244140625,653.8525390625,1743400,665.1500244140625,674.7000122070312,658.5999755859375,670.2000122070312,-5.04998779296875,16.10003662109375,28
29,670.0,670.0,661.7000122070312,664.7999877929688,656.9653930664062,1405766,661.6500244140625,673.5499877929688,659.0999755859375,669.2999877929688,-7.64996337890625,14.45001220703125,29
30,663.25,664.7999877929688,659.0,663.3499755859375,655.532470703125,1004747,664.7999877929688,670.0,661.7000122070312,670.0,-5.20001220703125,8.29998779296875,30
31,660.0999755859375,696.8499755859375,657.7999877929688,678.5,670.5039672851562,4653282,663.3499755859375,664.7999877929688,659.0,663.25,0.0999755859375,5.79998779296875,31
32,678.5,683.7000122070312,671.0,673.9000244140625,665.9581909179688,1681412,678.5,696.8499755859375,657.7999877929688,660.0999755859375,18.4000244140625,39.04998779296875,32
33,675.0,679.9500122070312,669.0,676.6500244140625,668.6757202148438,1330472,673.9000244140625,683.7000122070312,671.0,678.5,-4.5999755859375,12.70001220703125,33
34,678.0,694.0,678.0,692.2999877929688,684.1412963867188,1832039,676.6500244140625,679.9500122070312,669.0,675.0,1.6500244140625,10.95001220703125,34
35,698.0,712.9000244140625,697.0,702.6500244140625,694.3693237304688,3662593,692.2999877929688,694.0,678.0,678.0,14.29998779296875,16.0,35
36,707.0,713.5999755859375,701.5,702.9500122070312,694.6658325195312,1253320,702.6500244140625,712.9000244140625,697.0,698.0,4.6500244140625,15.9000244140625,36
37,708.0,714.7000122070312,696.0,698.0499877929688,689.8235473632812,1843219,702.9500122070312,713.5999755859375,701.5,707.0,-4.04998779296875,12.0999755859375,37
38,701.25,710.7999877929688,701.25,708.0999755859375,699.755126953125,2152750,698.0499877929688,714.7000122070312,696.0,708.0,-9.95001220703125,18.70001220703125,38
39,707.9500122070312,721.9000244140625,704.3499755859375,718.2000122070312,709.736083984375,1638255,708.0999755859375,710.7999877929688,701.25,701.25,6.8499755859375,9.54998779296875,39
40,718.7000122070312,724.4000244140625,714.3499755859375,717.5999755859375,709.1431274414062,1355821,718.2000122070312,721.9000244140625,704.3499755859375,707.9500122070312,10.25,17.550048828125,40
41,719.9000244140625,723.9000244140625,715.4500122070312,718.8499755859375,710.37841796875,887093,717.5999755859375,724.4000244140625,714.3499755859375,718.7000122070312,-1.10003662109375,10.050048828125,41
42,720.0999755859375,721.25,709.0,712.2999877929688,703.9056396484375,874964,718.8499755859375,723.9000244140625,715.4500122070312,719.9000244140625,-1.050048828125,8.45001220703125,42
43,719.4500122070312,721.25,705.0499877929688,708.5,700.1504516601562,999239,712.2999877929688,721.25,709.0,720.0999755859375,-7.79998779296875,12.25,43
44,710.0,713.6500244140625,693.0,696.5,688.2918701171875,1620545,708.5,721.25,705.0499877929688,719.4500122070312,-10.95001220703125,16.20001220703125,44
45,697.0,699.0,688.0,688.8499755859375,680.7319946289062,1592940,696.5,713.6500244140625,693.0,710.0,-13.5,20.6500244140625,45
46,694.2999877929688,696.75,686.75,687.7000122070312,679.5955200195312,1377738,688.8499755859375,699.0,688.0,697.0,-8.1500244140625,11.0,46
47,688.0,693.0,687.0499877929688,687.5499877929688,679.4473266601562,799923,687.7000122070312,696.75,686.75,694.2999877929688,-6.5999755859375,10.0,47
48,689.0499877929688,694.2999877929688,687.7000122070312,688.6500244140625,680.5343627929688,948078,687.5499877929688,693.0,687.0499877929688,688.0,-0.45001220703125,5.95001220703125,48
49,688.0,690.0,682.0,683.9500122070312,675.8897094726562,671602,688.6500244140625,694.2999877929688,687.7000122070312,689.0499877929688,-0.39996337890625,6.5999755859375,49
50,684.0,684.7999877929688,675.0,675.3499755859375,667.3910522460938,662692,683.9500122070312,690.0,682.0,688.0,-4.04998779296875,8.0,50
51,675.0,679.5999755859375,672.9000244140625,674.3499755859375,666.40283203125,690747,675.3499755859375,684.7999877929688,675.0,684.0,-8.6500244140625,9.79998779296875,51
52,677.0,679.25,674.0,674.9000244140625,666.9464111328125,741896,674.3499755859375,679.5999755859375,672.9000244140625,675.0,-0.6500244140625,6.699951171875,52
53,676.1500244140625,683.7999877929688,675.0,677.7999877929688,669.8121948242188,1519288,674.9000244140625,679.25,674.0,677.0,-2.0999755859375,5.25,53
54,680.0,685.5999755859375,678.4000244140625,682.9000244140625,674.8521118164062,949173,677.7999877929688,683.7999877929688,675.0,676.1500244140625,1.64996337890625,8.79998779296875,54
55,682.4000244140625,688.9500122070312,680.2000122070312,685.5,677.4214477539062,1061968,682.9000244140625,685.5999755859375,678.4000244140625,680.0,2.9000244140625,7.199951171875,55
56,685.0,688.0,677.0,678.2999877929688,670.3063354492188,951585,685.5,688.9500122070312,680.2000122070312,682.4000244140625,3.0999755859375,8.75,56
57,682.0,683.4500122070312,670.7000122070312,673.7000122070312,665.760498046875,1036357,678.2999877929688,688.0,677.0,685.0,-6.70001220703125,11.0,57
58,675.0,694.9500122070312,674.0999755859375,687.3499755859375,679.2496337890625,3867024,673.7000122070312,683.4500122070312,670.7000122070312,682.0,-8.29998779296875,12.75,58
59,680.3499755859375,688.0,678.5,680.0,671.986328125,1215231,687.3499755859375,694.9500122070312,674.0999755859375,675.0,12.3499755859375,20.85003662109375,59
60,682.5,687.9500122070312,680.75,682.5999755859375,674.5556030273438,1133206,680.0,688.0,678.5,680.3499755859375,-0.3499755859375,9.5,60
61,685.4500122070312,689.7999877929688,681.2999877929688,682.6500244140625,674.6050415039062,1055646,682.5999755859375,687.9500122070312,680.75,682.5,0.0999755859375,7.20001220703125,61
62,683.25,687.0999755859375,681.0499877929688,682.4000244140625,674.3580322265625,867471,682.6500244140625,689.7999877929688,681.2999877929688,685.4500122070312,-2.79998779296875,8.5,62
63,693.0,706.5999755859375,691.2999877929688,697.6500244140625,689.42822265625,4029367,682.4000244140625,687.0999755859375,681.0499877929688,683.25,-0.8499755859375,6.04998779296875,63
64,702.0,704.0,697.0,697.9500122070312,689.7247314453125,1443441,697.6500244140625,706.5999755859375,691.2999877929688,693.0,4.6500244140625,15.29998779296875,64
65,698.9000244140625,703.5,695.0,696.25,688.0447387695312,1010173,697.9500122070312,704.0,697.0,702.0,-4.04998779296875,7.0,65
66,697.9000244140625,698.9500122070312,683.0999755859375,685.9500122070312,677.8661499023438,1403378,696.25,703.5,695.0,698.9000244140625,-2.6500244140625,8.5,66
67,684.9000244140625,684.9000244140625,675.0,675.2999877929688,667.3416748046875,1331779,685.9500122070312,698.9500122070312,683.0999755859375,697.9000244140625,-11.95001220703125,15.85003662109375,67
68,674.5,678.7999877929688,670.25,671.0999755859375,663.191162109375,1053329,675.2999877929688,684.9000244140625,675.0,684.9000244140625,-9.60003662109375,9.9000244140625,68
69,673.0999755859375,683.0,672.0,676.25,668.2804565429688,1473399,671.0999755859375,678.7999877929688,670.25,674.5,-3.4000244140625,8.54998779296875,69
70,678.5,682.7999877929688,677.0499877929688,677.8499755859375,671.3507080078125,865146,676.25,683.0,672.0,673.0999755859375,3.1500244140625,11.0,70
71,680.9000244140625,682.4000244140625,678.0499877929688,678.8499755859375,672.3411254882812,691903,677.8499755859375,682.7999877929688,677.0499877929688,678.5,-0.6500244140625,5.75,71
72,670.0,674.9500122070312,667.2000122070312,670.1500244140625,663.7245483398438,1400803,678.8499755859375,682.4000244140625,678.0499877929688,680.9000244140625,-2.050048828125,4.35003662109375,72
73,673.5,676.9500122070312,672.2000122070312,673.5,667.04248046875,689256,670.1500244140625,674.9500122070312,667.2000122070312,670.0,0.1500244140625,7.75,73
74,673.0,676.8499755859375,668.0499877929688,668.7000122070312,662.2884521484375,1019021,673.5,676.9500122070312,672.2000122070312,673.5,0.0,4.75,74
75,671.0,672.9000244140625,664.0,664.6500244140625,658.27734375,914138,668.7000122070312,676.8499755859375,668.0499877929688,673.0,-4.29998779296875,8.79998779296875,75
76,666.0,669.1500244140625,659.1500244140625,659.7999877929688,653.4737548828125,1467031,664.6500244140625,672.9000244140625,664.0,671.0,-6.3499755859375,8.9000244140625,76
77,662.0,663.8499755859375,651.0,652.7999877929688,646.5408935546875,1984406,659.7999877929688,669.1500244140625,659.1500244140625,666.0,-6.20001220703125,10.0,77
78,652.7999877929688,655.4000244140625,651.0,653.1500244140625,646.8875732421875,1236249,652.7999877929688,663.8499755859375,651.0,662.0,-9.20001220703125,12.8499755859375,78
79,656.0,659.0,652.2999877929688,653.8499755859375,647.5808715820312,1138616,653.1500244140625,655.4000244140625,651.0,652.7999877929688,0.35003662109375,4.4000244140625,79
80,657.7999877929688,659.0,652.6500244140625,653.2999877929688,647.0360717773438,1220396,653.8499755859375,659.0,652.2999877929688,656.0,-2.1500244140625,6.70001220703125,80
81,655.0,656.75,651.5999755859375,652.2000122070312,645.9467163085938,1161662,653.2999877929688,659.0,652.6500244140625,657.7999877929688,-4.5,6.3499755859375,81
82,655.0,673.4000244140625,653.5,670.25,663.8236083984375,4249316,652.2000122070312,656.75,651.5999755859375,655.0,-2.79998779296875,5.1500244140625,82
83,664.7000122070312,678.0,662.2000122070312,663.4500122070312,657.0888061523438,2467127,670.25,673.4000244140625,653.5,655.0,15.25,19.9000244140625,83
84,665.0,676.5999755859375,660.1500244140625,672.5999755859375,666.1510620117188,2899060,663.4500122070312,678.0,662.2000122070312,664.7000122070312,-1.25,15.79998779296875,84
85,670.9000244140625,671.7000122070312,653.3499755859375,654.7999877929688,648.5217895507812,1723016,672.5999755859375,676.5999755859375,660.1500244140625,665.0,7.5999755859375,16.449951171875,85
86,658.2999877929688,663.5499877929688,654.0,654.75,648.4722290039062,1004677,654.7999877929688,671.7000122070312,653.3499755859375,670.9000244140625,-16.10003662109375,18.35003662109375,86
87,657.5499877929688,665.0499877929688,655.5499877929688,656.3499755859375,650.056884765625,927521,654.75,663.5499877929688,654.0,658.2999877929688,-3.54998779296875,9.54998779296875,87
88,656.4000244140625,659.9000244140625,651.7999877929688,652.4500122070312,646.1943359375,920171,656.3499755859375,665.0499877929688,655.5499877929688,657.5499877929688,-1.20001220703125,9.5,88
89,653.0,659.0,648.0,649.75,643.5202026367188,1270228,652.4500122070312,659.9000244140625,651.7999877929688,656.4000244140625,-3.95001220703125,8.10003662109375,89
90,651.5999755859375,652.9500122070312,642.0,642.7999877929688,636.6367797851562,1212921,649.75,659.0,648.0,653.0,-3.25,11.0,90
91,640.0,641.0,629.0999755859375,630.5499877929688,624.5042724609375,1072834,642.7999877929688,652.9500122070312,642.0,651.5999755859375,-8.79998779296875,10.95001220703125,91
92,632.0,637.5999755859375,628.0,628.7999877929688,622.7710571289062,1138955,630.5499877929688,641.0,629.0999755859375,640.0,-9.45001220703125,11.9000244140625,92
93,627.75,627.75,620.25,621.4500122070312,615.4915161132812,845815,628.7999877929688,637.5999755859375,628.0,632.0,-3.20001220703125,9.5999755859375,93
94,623.9000244140625,626.9000244140625,618.0,619.5499877929688,613.6097412109375,777577,621.4500122070312,627.75,620.25,627.75,-6.29998779296875,7.5,94
95,620.25,626.4000244140625,617.0,621.6500244140625,615.6896362304688,873228,619.5499877929688,626.9000244140625,618.0,623.9000244140625,-4.35003662109375,8.9000244140625,95
96,622.0,625.0,619.25,620.5999755859375,614.6495971679688,820751,621.6500244140625,626.4000244140625,617.0,620.25,1.4000244140625,9.4000244140625,96
97,624.0,631.7999877929688,624.0,629.2999877929688,623.2662353515625,776287,620.5999755859375,625.0,619.25,622.0,-1.4000244140625,5.75,97
98,630.5499877929688,635.7999877929688,628.5,628.9000244140625,622.8701171875,774273,629.2999877929688,631.7999877929688,624.0,624.0,5.29998779296875,7.79998779296875,98
99,629.0,630.0,624.0,624.5,618.5122680664062,644846,628.9000244140625,635.7999877929688,628.5,630.5499877929688,-1.64996337890625,7.29998779296875,99
100,622.7000122070312,622.7000122070312,618.2000122070312,619.4000244140625,613.461181640625,863600,624.5,630.0,624.0,629.0,-4.5,6.0,100
101,620.7000122070312,625.9500122070312,618.0,619.5,613.5602416992188,775141,619.4000244140625,622.7000122070312,618.2000122070312,622.7000122070312,-3.29998779296875,4.5,101
102,621.5,622.7000122070312,613.8499755859375,615.6500244140625,609.7471923828125,700431,619.5,625.9500122070312,618.0,620.7000122070312,-1.20001220703125,7.95001220703125,102
103,616.0,618.4500122070312,611.0,611.5999755859375,605.7359008789062,686400,615.6500244140625,622.7000122070312,613.8499755859375,621.5,-5.8499755859375,8.85003662109375,103
104,617.5999755859375,619.0499877929688,612.0,612.7999877929688,606.9244384765625,617660,611.5999755859375,618.4500122070312,611.0,616.0,-4.4000244140625,7.45001220703125,104
105,612.7999877929688,613.5499877929688,608.0,608.75,602.9132690429688,772169,612.7999877929688,619.0499877929688,612.0,617.5999755859375,-4.79998779296875,7.04998779296875,105
106,611.0,612.4000244140625,607.5,607.8499755859375,602.0219116210938,696884,608.75,613.5499877929688,608.0,612.7999877929688,-4.04998779296875,5.54998779296875,106
107,608.9000244140625,611.0,605.5,607.0499877929688,601.2295532226562,637868,607.8499755859375,612.4000244140625,607.5,611.0,-3.1500244140625,4.9000244140625,107
108,607.5499877929688,607.9500122070312,600.0,601.0,595.237548828125,1042196,607.0499877929688,611.0,605.5,608.9000244140625,-1.85003662109375,5.5,108
109,601.1500244140625,601.1500244140625,588.0,589.2000122070312,583.5507202148438,1854225,601.0,607.9500122070312,600.0,607.5499877929688,-6.54998779296875,7.95001220703125,109
110,593.0,600.7999877929688,593.0,599.7999877929688,594.049072265625,457731,589.2000122070312,601.1500244140625,588.0,601.1500244140625,-11.95001220703125,13.1500244140625,110
111,600.0,601.0,594.2999877929688,595.5499877929688,589.83984375,536666,599.7999877929688,600.7999877929688,593.0,593.0,6.79998779296875,7.79998779296875,111
112,596.5,597.7999877929688,595.0,595.5499877929688,589.83984375,651827,595.5499877929688,601.0,594.2999877929688,600.0,-4.45001220703125,6.70001220703125,112
113,596.0,597.4500122070312,591.25,592.7000122070312,587.0172119140625,737228,595.5499877929688,597.7999877929688,595.0,596.5,-0.95001220703125,2.79998779296875,113
114,606.9000244140625,616.7999877929688,602.7999877929688,603.9500122070312,598.1593627929688,2929385,592.7000122070312,597.4500122070312,591.25,596.0,-3.29998779296875,6.20001220703125,114
115,608.9500122070312,608.9500122070312,603.9500122070312,605.2000122070312,599.3973388671875,1013858,603.9500122070312,616.7999877929688,602.7999877929688,606.9000244140625,-2.95001220703125,14.0,115
116,607.0,622.0,603.0999755859375,619.4000244140625,613.461181640625,1836761,605.2000122070312,608.9500122070312,603.9500122070312,608.9500122070312,-3.75,5.0,116
117,619.0,629.0,616.0,625.6500244140625,619.6512451171875,1604869,619.4000244140625,622.0,603.0999755859375,607.0,12.4000244140625,18.9000244140625,117
118,628.0,630.9000244140625,626.2999877929688,628.0499877929688,622.0281982421875,662123,625.6500244140625,629.0,616.0,619.0,6.6500244140625,13.0,118
119,629.0,638.0,629.0,633.25,627.1783447265625,1044987,628.0499877929688,630.9000244140625,626.2999877929688,628.0,0.04998779296875,4.60003662109375,119
120,635.0,637.7000122070312,630.0999755859375,631.2999877929688,625.2470703125,626576,633.25,638.0,629.0,629.0,4.25,9.0,120
121,635.0,635.0,618.5999755859375,620.8499755859375,614.8972778320312,788898,631.2999877929688,637.7000122070312,630.0999755859375,635.0,-3.70001220703125,7.60003662109375,121
122,626.0,633.6500244140625,625.0499877929688,627.7000122070312,621.681640625,979067,620.8499755859375,635.0,618.5999755859375,635.0,-14.1500244140625,16.4000244140625,122
123,663.9500122070312,684.9000244140625,658.2999877929688,664.6500244140625,658.27734375,8854572,627.7000122070312,633.6500244140625,625.0499877929688,626.0,1.70001220703125,8.60003662109375,123
124,665.0,672.2999877929688,650.0,654.7000122070312,648.4227294921875,2112529,664.6500244140625,684.9000244140625,658.2999877929688,663.9500122070312,0.70001220703125,26.60003662109375,124
125,652.0,655.0,640.0,642.6500244140625,636.48828125,1364241,654.7000122070312,672.2999877929688,650.0,665.0,-10.29998779296875,22.29998779296875,125
126,639.0,649.25,637.5499877929688,643.8499755859375,637.6766967773438,1211174,642.6500244140625,655.0,640.0,652.0,-9.3499755859375,15.0,126
127,643.0,646.0,636.7000122070312,638.7999877929688,632.6751098632812,750739,643.8499755859375,649.25,637.5499877929688,639.0,4.8499755859375,11.70001220703125,127
128,639.9000244140625,640.2999877929688,625.2999877929688,627.0499877929688,621.0377807617188,880089,638.7999877929688,646.0,636.7000122070312,643.0,-4.20001220703125,9.29998779296875,128
129,625.0,633.7999877929688,624.0,625.7999877929688,619.7997436523438,996001,627.0499877929688,640.2999877929688,625.2999877929688,639.9000244140625,-12.85003662109375,15.0,129
130,627.0,629.0,620.0499877929688,621.2000122070312,615.2439575195312,914416,625.7999877929688,633.7999877929688,624.0,625.0,0.79998779296875,9.79998779296875,130
131,623.0,631.0,623.0,624.25,618.2646484375,1199253,621.2000122070312,629.0,620.0499877929688,627.0,-5.79998779296875,8.95001220703125,131
132,627.3499755859375,630.75,626.7000122070312,627.75,621.7311401367188,803958,624.25,631.0,623.0,623.0,1.25,8.0,132
133,628.0,633.25,627.75,629.7999877929688,623.7614135742188,823562,627.75,630.75,626.7000122070312,627.3499755859375,0.4000244140625,4.04998779296875,133
134,629.0,643.4000244140625,629.0,636.7999877929688,630.6943359375,1571328,629.7999877929688,633.25,627.75,628.0,1.79998779296875,5.5,134
135,636.0,639.7999877929688,633.0,636.2999877929688,630.1990966796875,647345,636.7999877929688,643.4000244140625,629.0,629.0,7.79998779296875,14.4000244140625,135
136,638.0,658.0999755859375,638.0,650.9000244140625,644.6591796875,3163335,636.2999877929688,639.7999877929688,633.0,636.0,0.29998779296875,6.79998779296875,136
137,648.0,654.0,648.0,651.25,645.0057983398438,905130,650.9000244140625,658.0999755859375,638.0,638.0,12.9000244140625,20.0999755859375,137
138,651.0999755859375,655.0,649.0,652.0999755859375,645.84765625,800923,651.25,654.0,648.0,648.0,3.25,6.0,138
139,651.0,658.7999877929688,649.0,651.7000122070312,645.4514770507812,1233657,652.0999755859375,655.0,649.0,651.0999755859375,1.0,6.0,139
140,649.75,657.9000244140625,649.75,654.1500244140625,647.8779907226562,871091,651.7000122070312,658.7999877929688,649.0,651.0,0.70001220703125,9.79998779296875,140
141,655.0,670.2999877929688,652.9000244140625,662.3499755859375,655.9993286132812,2234602,654.1500244140625,657.9000244140625,649.75,649.75,4.4000244140625,8.1500244140625,141
142,665.0,676.0999755859375,664.0,671.8499755859375,665.4082641601562,2723169,662.3499755859375,670.2999877929688,652.9000244140625,655.0,7.3499755859375,17.39996337890625,142
143,672.0,703.7000122070312,670.0999755859375,697.2000122070312,690.5151977539062,5932237,671.8499755859375,676.0999755859375,664.0,665.0,6.8499755859375,12.0999755859375,143
144,700.0,724.5,700.0,718.2999877929688,711.4129028320312,7100398,697.2000122070312,703.7000122070312,670.0999755859375,672.0,25.20001220703125,33.60003662109375,144
145,724.0,732.0,711.9000244140625,724.2999877929688,717.3553466796875,5008176,718.2999877929688,724.5,700.0,700.0,18.29998779296875,24.5,145
146,728.0999755859375,730.8499755859375,706.0,708.75,701.9544677734375,2263539,724.2999877929688,732.0,711.9000244140625,724.0,0.29998779296875,20.0999755859375,146
147,701.2999877929688,711.5999755859375,687.0499877929688,688.5499877929688,681.9481811523438,2820832,708.75,730.8499755859375,706.0,728.0999755859375,-19.3499755859375,24.8499755859375,147
148,689.7999877929688,741.75,689.75,734.5999755859375,727.556640625,6490103,688.5499877929688,711.5999755859375,687.0499877929688,701.2999877929688,-12.75,24.54998779296875,148
149,738.0,754.25,730.0499877929688,739.9500122070312,732.8553466796875,8871743,734.5999755859375,741.75,689.75,689.7999877929688,44.79998779296875,52.0,149
150,742.0,747.7000122070312,698.0,701.6500244140625,694.922607421875,4546599,739.9500122070312,754.25,730.0499877929688,738.0,1.95001220703125,24.20001220703125,150
151,705.2000122070312,713.6500244140625,680.0,681.5999755859375,675.0647583007812,4221417,701.6500244140625,747.7000122070312,698.0,742.0,-40.3499755859375,49.70001220703125,151
152,679.0,687.0499877929688,655.0999755859375,658.75,652.4338989257812,3498066,681.5999755859375,713.6500244140625,680.0,705.2000122070312,-23.60003662109375,33.6500244140625,152
153,661.0,690.9000244140625,661.0,688.0,681.4034423828125,2728756,658.75,687.0499877929688,655.0999755859375,679.0,-20.25,31.95001220703125,153
154,693.5,698.7000122070312,681.5499877929688,692.5999755859375,685.9593505859375,1862730,688.0,690.9000244140625,661.0,661.0,27.0,29.9000244140625,154
155,690.0,693.5,685.0,687.0499877929688,680.4625244140625,944339,692.5999755859375,698.7000122070312,681.5499877929688,693.5,-0.9000244140625,17.1500244140625,155
156,686.5999755859375,686.5999755859375,681.3499755859375,683.7000122070312,677.1446533203125,978328,687.0499877929688,693.5,685.0,690.0,-2.95001220703125,8.5,156
157,686.0,692.25,683.2999877929688,684.5999755859375,678.0359497070312,878093,683.7000122070312,686.5999755859375,681.3499755859375,686.5999755859375,-2.89996337890625,5.25,157
158,685.0,714.5999755859375,684.7000122070312,709.5,702.6973266601562,2988258,684.5999755859375,692.25,683.2999877929688,686.0,-1.4000244140625,8.95001220703125,158
159,718.0,737.7999877929688,715.75,734.5999755859375,727.556640625,4845441,709.5,714.5999755859375,684.7000122070312,685.0,24.5,29.89996337890625,159
160,736.9000244140625,746.0,728.0,731.0,723.9911499023438,3772736,734.5999755859375,737.7999877929688,715.75,718.0,16.5999755859375,22.04998779296875,160
161,733.8499755859375,738.2999877929688,722.5999755859375,727.7999877929688,720.8218383789062,1602415,731.0,746.0,728.0,736.9000244140625,-5.9000244140625,18.0,161
162,727.7999877929688,729.4000244140625,705.2000122070312,707.2999877929688,700.5183715820312,1625158,727.7999877929688,738.2999877929688,722.5999755859375,733.8499755859375,-6.04998779296875,15.70001220703125,162
163,716.0,718.0,708.0499877929688,711.5999755859375,704.777099609375,1268499,707.2999877929688,729.4000244140625,705.2000122070312,727.7999877929688,-20.5,24.20001220703125,163
164,711.7000122070312,718.5,708.5,715.0,708.1445922851562,1546064,711.5999755859375,718.0,708.0499877929688,716.0,-4.4000244140625,9.95001220703125,164
165,714.5499877929688,723.5,710.5499877929688,715.0999755859375,708.2435913085938,1322852,715.0,718.5,708.5,711.7000122070312,3.29998779296875,10.0,165
166,716.0999755859375,717.5499877929688,703.0999755859375,705.4000244140625,698.6365966796875,1156008,715.0999755859375,723.5,710.5499877929688,714.5499877929688,0.54998779296875,12.95001220703125,166
167,706.4500122070312,716.2000122070312,705.25,712.7999877929688,705.9656372070312,1241951,705.4000244140625,717.5499877929688,703.0999755859375,716.0999755859375,-10.699951171875,14.45001220703125,167
168,714.0,718.5999755859375,707.7000122070312,709.2000122070312,702.400146484375,746717,712.7999877929688,716.2000122070312,705.25,706.4500122070312,6.3499755859375,10.95001220703125,168
169,708.0,711.5,698.7000122070312,705.7000122070312,698.9337768554688,981024,709.2000122070312,718.5999755859375,707.7000122070312,714.0,-4.79998779296875,10.89996337890625,169
170,707.0,709.0999755859375,703.0999755859375,706.5999755859375,699.8250732421875,601657,705.7000122070312,711.5,698.7000122070312,708.0,-2.29998779296875,12.79998779296875,170
171,705.0,711.0,700.2999877929688,701.5999755859375,694.873046875,651600,706.5999755859375,709.0999755859375,703.0999755859375,707.0,-0.4000244140625,6.0,171
172,702.0,705.2999877929688,695.0999755859375,698.5499877929688,691.8522338867188,528700,701.5999755859375,711.0,700.2999877929688,705.0,-3.4000244140625,10.70001220703125,172
173,700.0,704.8499755859375,698.2000122070312,700.9000244140625,694.1797485351562,530547,698.5499877929688,705.2999877929688,695.0999755859375,702.0,-3.45001220703125,10.20001220703125,173
174,702.0,714.5,700.0,702.0999755859375,695.3682250976562,1092923,700.9000244140625,704.8499755859375,698.2000122070312,700.0,0.9000244140625,6.64996337890625,174
175,703.0,704.9500122070312,686.0,689.4000244140625,682.7900390625,864582,702.0999755859375,714.5,700.0,702.0,0.0999755859375,14.5,175
176,691.0,692.5,660.0,665.9500122070312,659.5648193359375,1736675,689.4000244140625,704.9500122070312,686.0,703.0,-13.5999755859375,18.95001220703125,176
177,649.0,684.0,639.2000122070312,656.5,650.2054443359375,3024474,665.9500122070312,692.5,660.0,691.0,-25.04998779296875,32.5,177
178,660.0,662.9000244140625,650.7999877929688,653.2999877929688,647.0360717773438,1811224,656.5,684.0,639.2000122070312,649.0,7.5,44.79998779296875,178
179,660.0,665.4000244140625,582.3499755859375,598.4500122070312,592.7120361328125,6326960,653.2999877929688,662.9000244140625,650.7999877929688,660.0,-6.70001220703125,12.10003662109375,179
180,583.1500244140625,606.0,583.1500244140625,599.0999755859375,593.3557739257812,3377223,598.4500122070312,665.4000244140625,582.3499755859375,660.0,-61.54998779296875,83.050048828125,180
181,602.0999755859375,604.5,586.0,599.0499877929688,593.3062744140625,2276729,599.0999755859375,606.0,583.1500244140625,583.1500244140625,15.949951171875,22.8499755859375,181
182,602.0,607.4000244140625,597.0,599.9000244140625,594.1481323242188,1567204,599.0499877929688,604.5,586.0,602.0999755859375,-3.04998779296875,18.5,182
183,602.0,618.2000122070312,601.25,603.0499877929688,597.2679443359375,2084510,599.9000244140625,607.4000244140625,597.0,602.0,-2.0999755859375,10.4000244140625,183
184,605.0,612.5999755859375,604.5,610.25,604.3988647460938,1374494,603.0499877929688,618.2000122070312,601.25,602.0,1.04998779296875,16.95001220703125,184
185,613.3499755859375,618.0,609.5999755859375,613.1500244140625,607.2711181640625,1434333,610.25,612.5999755859375,604.5,605.0,5.25,8.0999755859375,185
186,630.0,640.0,617.0499877929688,620.0499877929688,614.1049194335938,3943115,613.1500244140625,618.0,609.5999755859375,613.3499755859375,-0.199951171875,8.4000244140625,186
187,621.0,623.6500244140625,605.3499755859375,606.7000122070312,600.8829956054688,1315642,620.0499877929688,640.0,617.0499877929688,630.0,-9.95001220703125,22.95001220703125,187
188,605.0499877929688,609.7000122070312,596.2000122070312,598.0499877929688,592.3158569335938,1528074,606.7000122070312,623.6500244140625,605.3499755859375,621.0,-14.29998779296875,18.300048828125,188
189,595.0999755859375,603.9500122070312,595.0999755859375,601.0,595.237548828125,933878,598.0499877929688,609.7000122070312,596.2000122070312,605.0499877929688,-7.0,13.5,189
190,604.0499877929688,606.25,602.0,602.7999877929688,597.0203247070312,703040,601.0,603.9500122070312,595.0999755859375,595.0999755859375,5.9000244140625,8.85003662109375,190
191,603.0,605.75,600.2999877929688,602.6500244140625,596.871826171875,642400,602.7999877929688,606.25,602.0,604.0499877929688,-1.25,4.25,191
192,605.0,605.0,596.4000244140625,598.5,592.7615356445312,885378,602.6500244140625,605.75,600.2999877929688,603.0,-0.3499755859375,5.45001220703125,192
193,600.0,601.2999877929688,595.9000244140625,597.1500244140625,591.4244995117188,648784,598.5,605.0,596.4000244140625,605.0,-6.5,8.5999755859375,193
194,597.0,598.7000122070312,593.4500122070312,595.9500122070312,590.2360229492188,761922,597.1500244140625,601.2999877929688,595.9000244140625,600.0,-2.8499755859375,5.39996337890625,194
195,596.0,598.9500122070312,590.0999755859375,590.9000244140625,585.2344970703125,916630,595.9500122070312,598.7000122070312,593.4500122070312,597.0,-1.04998779296875,5.25,195
196,591.0,594.7999877929688,584.0,584.5999755859375,578.9948120117188,1119544,590.9000244140625,598.9500122070312,590.0999755859375,596.0,-5.0999755859375,8.85003662109375,196
197,584.5999755859375,585.4000244140625,566.0,567.75,562.306396484375,1912489,584.5999755859375,594.7999877929688,584.0,591.0,-6.4000244140625,10.79998779296875,197
198,568.0,582.75,567.5999755859375,578.4000244140625,572.8543090820312,2207400,567.75,585.4000244140625,566.0,584.5999755859375,-16.8499755859375,19.4000244140625,198
199,581.2999877929688,604.5499877929688,580.25,601.7000122070312,595.930908203125,1822832,578.4000244140625,582.75,567.5999755859375,568.0,10.4000244140625,15.1500244140625,199
200,601.9000244140625,607.2999877929688,597.0,601.0999755859375,595.3366088867188,1383893,601.7000122070312,604.5499877929688,580.25,581.2999877929688,20.4000244140625,24.29998779296875,200
201,609.0,619.0,607.7000122070312,615.4500122070312,609.5490112304688,2101679,601.0999755859375,607.2999877929688,597.0,601.9000244140625,-0.800048828125,10.29998779296875,201
202,620.0,625.0,609.9000244140625,611.6500244140625,605.7854614257812,1404596,615.4500122070312,619.0,607.7000122070312,609.0,6.45001220703125,11.29998779296875,202
203,610.4000244140625,610.4000244140625,602.0,602.9500122070312,597.1689453125,900075,611.6500244140625,625.0,609.9000244140625,620.0,-8.3499755859375,15.0999755859375,203
204,605.0,606.3499755859375,592.5,598.5499877929688,592.81103515625,1465695,602.9500122070312,610.4000244140625,602.0,610.4000244140625,-7.45001220703125,8.4000244140625,204
205,595.0,596.9500122070312,590.0499877929688,595.5,589.7903442382812,649101,598.5499877929688,606.3499755859375,592.5,605.0,-6.45001220703125,13.8499755859375,205
206,595.5,598.5,580.0,582.0999755859375,576.518798828125,1137818,595.5,596.9500122070312,590.0499877929688,595.0,0.5,6.9000244140625,206
207,585.0499877929688,587.4500122070312,575.0,578.5,572.9533081054688,879186,582.0999755859375,598.5,580.0,595.5,-13.4000244140625,18.5,207
208,581.0,586.75,576.0,577.4500122070312,571.9133911132812,817032,578.5,587.4500122070312,575.0,585.0499877929688,-6.54998779296875,12.45001220703125,208
209,577.0,578.9000244140625,570.75,572.4500122070312,566.9613037109375,972000,577.4500122070312,586.75,576.0,581.0,-3.54998779296875,10.75,209
210,575.3499755859375,582.0999755859375,575.0,579.9000244140625,574.3399047851562,696661,572.4500122070312,578.9000244140625,570.75,577.0,-4.54998779296875,8.1500244140625,210
211,579.0,579.0499877929688,570.2000122070312,574.9000244140625,569.3878173828125,725166,579.9000244140625,582.0999755859375,575.0,575.3499755859375,4.550048828125,7.0999755859375,211
212,577.7999877929688,578.75,571.5499877929688,572.5499877929688,567.060302734375,779267,574.9000244140625,579.0499877929688,570.2000122070312,579.0,-4.0999755859375,8.8499755859375,212
213,573.0,577.75,572.0,572.75,567.2584838867188,931326,572.5499877929688,578.75,571.5499877929688,577.7999877929688,-5.25,7.20001220703125,213
214,573.0999755859375,575.0,568.0,568.7999877929688,563.3463134765625,748086,572.75,577.75,572.0,573.0,-0.25,5.75,214
215,570.0,573.0,559.0,560.0,554.6307373046875,1305399,568.7999877929688,575.0,568.0,573.0999755859375,-4.29998779296875,7.0,215
216,560.0999755859375,562.6500244140625,539.0999755859375,544.0999755859375,538.8831176757812,1741356,560.0,573.0,559.0,570.0,-10.0,14.0,216
217,546.0,549.3499755859375,535.0,536.7999877929688,531.6531372070312,1821333,544.0999755859375,562.6500244140625,539.0999755859375,560.0999755859375,-16.0,23.550048828125,217
218,537.5,542.7000122070312,530.0499877929688,531.8499755859375,526.7505493164062,2245923,536.7999877929688,549.3499755859375,535.0,546.0,-9.20001220703125,14.3499755859375,218
219,534.5499877929688,546.9500122070312,531.0999755859375,534.3499755859375,529.2266235351562,2030925,531.8499755859375,542.7000122070312,530.0499877929688,537.5,-5.6500244140625,12.6500244140625,219
220,540.0,548.5499877929688,537.5999755859375,544.5499877929688,539.3287963867188,1228058,534.3499755859375,546.9500122070312,531.0999755859375,534.5499877929688,-0.20001220703125,15.85003662109375,220
221,549.4000244140625,555.5,546.6500244140625,549.9500122070312,544.6770629882812,1156963,544.5499877929688,548.5499877929688,537.5999755859375,540.0,4.54998779296875,10.95001220703125,221
222,551.0,556.4000244140625,548.1500244140625,550.5499877929688,545.2713012695312,1088256,549.9500122070312,555.5,546.6500244140625,549.4000244140625,0.54998779296875,8.8499755859375,222
223,554.4500122070312,556.0,548.5,549.2999877929688,544.0333251953125,818437,550.5499877929688,556.4000244140625,548.1500244140625,551.0,-0.45001220703125,8.25,223
224,550.0999755859375,555.25,549.2999877929688,550.5,545.2218017578125,659636,549.2999877929688,556.0,548.5,554.4500122070312,-5.1500244140625,7.5,224
225,552.7000122070312,553.9000244140625,549.0,549.2999877929688,544.0333251953125,682171,550.5,555.25,549.2999877929688,550.0999755859375,0.4000244140625,5.95001220703125,225
226,549.9000244140625,553.4500122070312,548.2000122070312,550.9500122070312,545.66748046875,562523,549.2999877929688,553.9000244140625,549.0,552.7000122070312,-3.4000244140625,4.9000244140625,226
227,550.9500122070312,551.3499755859375,544.0,544.5999755859375,539.3783569335938,947673,550.9500122070312,553.4500122070312,548.2000122070312,549.9000244140625,1.04998779296875,5.25,227
228,546.0999755859375,552.2999877929688,546.0999755859375,548.4500122070312,543.1914672851562,612736,544.5999755859375,551.3499755859375,544.0,550.9500122070312,-6.35003662109375,7.3499755859375,228
229,549.0,550.0,545.0,546.5,541.2601318359375,482728,548.4500122070312,552.2999877929688,546.0999755859375,546.0999755859375,2.35003662109375,6.20001220703125,229
230,547.75,556.2000122070312,546.4500122070312,551.9000244140625,546.6083984375,731513,546.5,550.0,545.0,549.0,-2.5,5.0,230
231,550.5999755859375,550.5999755859375,545.0999755859375,548.0,542.7457885742188,655602,551.9000244140625,556.2000122070312,546.4500122070312,547.75,4.1500244140625,9.75,231
232,548.9000244140625,553.7999877929688,547.5,549.4000244140625,544.1323852539062,446849,548.0,550.5999755859375,545.0999755859375,550.5999755859375,-2.5999755859375,5.5,232
233,551.0,556.0,547.2000122070312,548.2999877929688,543.0428466796875,987652,549.4000244140625,553.7999877929688,547.5,548.9000244140625,0.5,6.29998779296875,233
234,548.2999877929688,550.3499755859375,547.0499877929688,547.75,542.4981079101562,498401,548.2999877929688,556.0,547.2000122070312,551.0,-2.70001220703125,8.79998779296875,234
235,548.0,553.0499877929688,543.0,545.7000122070312,540.4678344726562,1151408,547.75,550.3499755859375,547.0499877929688,548.2999877929688,-0.54998779296875,3.29998779296875,235
236,548.5,552.7999877929688,546.5499877929688,549.9000244140625,544.6275634765625,1231240,545.7000122070312,553.0499877929688,543.0,548.0,-2.29998779296875,10.04998779296875,236
237,552.0,554.5999755859375,549.2000122070312,550.0499877929688,544.7760620117188,1224198,549.9000244140625,552.7999877929688,546.5499877929688,548.5,1.4000244140625,6.25,237
238,550.9500122070312,552.9000244140625,550.0,551.3499755859375,546.0635986328125,856689,550.0499877929688,554.5999755859375,549.2000122070312,552.0,-1.95001220703125,5.39996337890625,238
239,552.0,566.5999755859375,549.0999755859375,552.4500122070312,547.153076171875,4283342,551.3499755859375,552.9000244140625,550.0,550.9500122070312,0.39996337890625,2.9000244140625,239
240,552.5,565.3499755859375,551.6500244140625,560.0499877929688,554.6802368164062,2503952,552.4500122070312,566.5999755859375,549.0999755859375,552.0,0.45001220703125,17.5,240
241,563.0,567.0,562.0,562.7000122070312,557.3048095703125,1104965,560.0499877929688,565.3499755859375,551.6500244140625,552.5,7.54998779296875,13.699951171875,241
242,564.4500122070312,566.4500122070312,555.9500122070312,557.3499755859375,552.006103515625,1015395,562.7000122070312,567.0,562.0,563.0,-0.29998779296875,5.0,242
243,558.75,560.2999877929688,555.0999755859375,557.7999877929688,552.4517822265625,589178,557.3499755859375,566.4500122070312,555.9500122070312,564.4500122070312,-7.10003662109375,10.5,243
244,559.9500122070312,563.7000122070312,559.0,561.0,555.6211547851562,680822,557.7999877929688,560.2999877929688,555.0999755859375,558.75,-0.95001220703125,5.20001220703125,244
245,561.0,564.4500122070312,557.5,562.0999755859375,556.7105102539062,892781,561.0,563.7000122070312,559.0,559.9500122070312,1.04998779296875,4.70001220703125,245
246,564.0,573.0,561.2000122070312,567.6500244140625,562.2073974609375,2164688,562.0999755859375,564.4500122070312,557.5,561.0,1.0999755859375,6.95001220703125,246
247,569.0,574.5499877929688,566.4000244140625,567.5,562.058837890625,902155,567.6500244140625,573.0,561.2000122070312,564.0,3.6500244140625,11.79998779296875,247
248,568.0,570.9500122070312,565.9000244140625,570.0,564.5348510742188,862004,567.5,574.5499877929688,566.4000244140625,569.0,-1.5,8.14996337890625,248
249,572.0,576.8499755859375,567.0,568.1500244140625,562.7025756835938,964354,570.0,570.9500122070312,565.9000244140625,568.0,2.0,5.04998779296875,249
250,570.0,570.0499877929688,562.0999755859375,565.0,559.582763671875,515091,568.1500244140625,576.8499755859375,567.0,572.0,-3.8499755859375,9.8499755859375,250
251,569.0,579.2999877929688,566.7000122070312,577.5,571.962890625,1506327,565.0,570.0499877929688,562.0999755859375,570.0,-5.0,7.95001220703125,251
252,581.0,594.5,580.9000244140625,590.1500244140625,584.4916381835938,2726826,577.5,579.2999877929688,566.7000122070312,569.0,8.5,12.5999755859375,252
253,594.1500244140625,604.2000122070312,592.0499877929688,593.9000244140625,588.2056884765625,2488874,590.1500244140625,594.5,580.9000244140625,581.0,9.1500244140625,13.5999755859375,253
254,607.0,615.5,601.0,603.5999755859375,597.8126220703125,5187933,593.9000244140625,604.2000122070312,592.0499877929688,594.1500244140625,-0.25,12.1500244140625,254
255,608.5999755859375,610.2000122070312,603.0999755859375,604.2999877929688,598.5059204101562,1195590,603.5999755859375,615.5,601.0,607.0,-3.4000244140625,14.5,255
256,610.0,610.0999755859375,603.2999877929688,605.2000122070312,599.3973388671875,1131333,604.2999877929688,610.2000122070312,603.0999755859375,608.5999755859375,-4.29998779296875,7.10003662109375,256
257,605.5,606.4500122070312,599.5,600.9000244140625,595.1385498046875,720683,605.2000122070312,610.0999755859375,603.2999877929688,610.0,-4.79998779296875,6.79998779296875,257
258,599.4500122070312,599.4500122070312,593.0,595.1500244140625,589.4437255859375,720695,600.9000244140625,606.4500122070312,599.5,605.5,-4.5999755859375,6.95001220703125,258
259,595.0,600.5,593.9500122070312,597.1500244140625,591.4244995117188,694568,595.1500244140625,599.4500122070312,593.0,599.4500122070312,-4.29998779296875,6.45001220703125,259
260,599.0999755859375,601.4000244140625,596.0999755859375,596.8499755859375,591.1273193359375,507824,597.1500244140625,600.5,593.9500122070312,595.0,2.1500244140625,6.54998779296875,260
261,598.5,602.0,595.9500122070312,596.5999755859375,590.8797607421875,641136,596.8499755859375,601.4000244140625,596.0999755859375,599.0999755859375,-2.25,5.300048828125,261
262,598.0499877929688,599.75,596.0,597.75,592.0187377929688,480880,596.5999755859375,602.0,595.9500122070312,598.5,-1.9000244140625,6.04998779296875,262
263,599.0,605.0,597.5,601.3499755859375,595.584228515625,809884,597.75,599.75,596.0,598.0499877929688,-0.29998779296875,3.75,263
264,602.3499755859375,610.4000244140625,602.2999877929688,603.4000244140625,597.6145629882812,1424334,601.3499755859375,605.0,597.5,599.0,2.3499755859375,7.5,264
265,605.0,607.0,600.3499755859375,601.9500122070312,596.178466796875,660925,603.4000244140625,610.4000244140625,602.2999877929688,602.3499755859375,1.050048828125,8.10003662109375,265
266,598.7999877929688,601.5,595.0499877929688,597.0499877929688,591.325439453125,803879,601.9500122070312,607.0,600.3499755859375,605.0,-3.04998779296875,6.6500244140625,266
267,597.7000122070312,600.75,597.7000122070312,598.9000244140625,593.1577758789062,400863,597.0499877929688,601.5,595.0499877929688,598.7999877929688,-1.75,6.45001220703125,267
268,599.9000244140625,601.9000244140625,595.25,596.0,590.2855224609375,644399,598.9000244140625,600.75,597.7000122070312,597.7000122070312,1.20001220703125,3.04998779296875,268
269,596.0,604.9500122070312,595.0499877929688,596.4000244140625,590.6817016601562,847451,596.0,601.9000244140625,595.25,599.9000244140625,-3.9000244140625,6.6500244140625,269
270,596.4000244140625,606.7000122070312,596.4000244140625,604.4500122070312,598.654541015625,1405526,596.4000244140625,604.9500122070312,595.0499877929688,596.0,0.4000244140625,9.9000244140625,270
271,605.0,620.9500122070312,603.5499877929688,618.2999877929688,612.3717041015625,2500627,604.4500122070312,606.7000122070312,596.4000244140625,596.4000244140625,8.04998779296875,10.29998779296875,271
272,620.0,632.5,619.0499877929688,630.3499755859375,624.30615234375,3041047,618.2999877929688,620.9500122070312,603.5499877929688,605.0,13.29998779296875,17.4000244140625,272
273,636.5999755859375,639.75,633.0499877929688,636.0499877929688,629.9514770507812,1580109,630.3499755859375,632.5,619.0499877929688,620.0,10.3499755859375,13.45001220703125,273
274,637.9000244140625,654.0,636.6500244140625,641.75,635.596923828125,3120722,636.0499877929688,639.75,633.0499877929688,636.5999755859375,-0.54998779296875,6.70001220703125,274
275,643.0,646.9000244140625,622.75,624.9500122070312,618.9580078125,1538801,641.75,654.0,636.6500244140625,637.9000244140625,3.8499755859375,17.3499755859375,275
276,624.9500122070312,625.7999877929688,613.7000122070312,615.9000244140625,609.9947509765625,946727,624.9500122070312,646.9000244140625,622.75,643.0,-18.04998779296875,24.1500244140625,276
277,616.2999877929688,620.5,611.75,616.7999877929688,610.8860473632812,975533,615.9000244140625,625.7999877929688,613.7000122070312,624.9500122070312,-9.04998779296875,12.0999755859375,277
278,616.7999877929688,616.7999877929688,616.7999877929688,616.7999877929688,610.8860473632812,0,616.7999877929688,620.5,611.75,616.2999877929688,0.5,8.75,278
279,622.0999755859375,633.5,620.2000122070312,632.25,626.1879272460938,1371193,616.7999877929688,616.7999877929688,616.7999877929688,616.7999877929688,0.0,0.0,279
280,635.0,637.8499755859375,628.0,629.0499877929688,623.0186157226562,888170,632.25,633.5,620.2000122070312,622.0999755859375,10.1500244140625,13.29998779296875,280
281,630.75,632.75,624.2999877929688,625.9000244140625,619.8988647460938,625593,629.0499877929688,637.8499755859375,628.0,635.0,-5.95001220703125,9.8499755859375,281
282,626.0,629.5,625.0,626.75,620.74072265625,569014,625.9000244140625,632.75,624.2999877929688,630.75,-4.8499755859375,8.45001220703125,282
283,625.0999755859375,631.3499755859375,624.0,627.9000244140625,621.8796997070312,624168,626.75,629.5,625.0,626.0,0.75,4.5,283
284,626.5,630.7000122070312,621.25,622.5999755859375,616.6304931640625,711064,627.9000244140625,631.3499755859375,624.0,625.0999755859375,2.800048828125,7.3499755859375,284
285,623.0,623.7000122070312,617.0,618.5499877929688,612.6193237304688,791576,622.5999755859375,630.7000122070312,621.25,626.5,-3.9000244140625,9.45001220703125,285
286,623.0,629.9000244140625,620.5999755859375,621.7999877929688,615.838134765625,608461,618.5499877929688,623.7000122070312,617.0,623.0,-4.45001220703125,6.70001220703125,286
287,623.0999755859375,624.0,618.0,620.4500122070312,614.5010986328125,523272,621.7999877929688,629.9000244140625,620.5999755859375,623.0,-1.20001220703125,9.300048828125,287
288,621.0,624.4000244140625,614.25,615.7000122070312,609.7966918945312,802085,620.4500122070312,624.0,618.0,623.0999755859375,-2.64996337890625,6.0,288
289,616.8499755859375,620.0,615.7999877929688,618.7000122070312,612.7678833007812,534996,615.7000122070312,624.4000244140625,614.25,621.0,-5.29998779296875,10.1500244140625,289
290,617.5,625.0,617.5,620.9000244140625,614.9468383789062,711158,618.7000122070312,620.0,615.7999877929688,616.8499755859375,1.85003662109375,4.20001220703125,290
291,624.0,625.9500122070312,618.0,620.7000122070312,614.7487182617188,701393,620.9000244140625,625.0,617.5,617.5,3.4000244140625,7.5,291
292,621.9000244140625,623.4000244140625,619.5,620.3499755859375,614.4020385742188,501945,620.7000122070312,625.9500122070312,618.0,624.0,-3.29998779296875,7.95001220703125,292
293,621.5,629.4500122070312,619.0499877929688,628.25,625.25,1166529,620.3499755859375,623.4000244140625,619.5,621.9000244140625,-1.550048828125,3.9000244140625,293
294,626.75,642.9000244140625,623.5,635.75,635.75,2019022,628.25,629.4500122070312,619.0499877929688,621.5,6.75,10.4000244140625,294
295,635.75,640.0,625.0,626.6500244140625,626.6500244140625,927514,635.75,642.9000244140625,623.5,626.75,9.0,19.4000244140625,295
296,626.75,630.7999877929688,621.0499877929688,623.0499877929688,623.0499877929688,671845,626.6500244140625,640.0,625.0,635.75,-9.0999755859375,15.0,296
297,624.5999755859375,630.5999755859375,623.7999877929688,627.9500122070312,627.9500122070312,651954,623.0499877929688,630.7999877929688,621.0499877929688,626.75,-3.70001220703125,9.75,297
298,627.9000244140625,635.2999877929688,627.9000244140625,630.25,630.25,705149,627.9500122070312,630.5999755859375,623.7999877929688,624.5999755859375,3.35003662109375,6.79998779296875,298
299,630.0,633.4500122070312,624.5,626.75,626.75,646004,630.25,635.2999877929688,627.9000244140625,627.9000244140625,2.3499755859375,7.39996337890625,299
300,627.0,641.4000244140625,627.0,639.9500122070312,639.9500122070312,1469797,626.75,633.4500122070312,624.5,630.0,-3.25,8.95001220703125,300
301,644.0,650.7000122070312,640.0,647.25,647.25,1987633,639.9500122070312,641.4000244140625,627.0,627.0,12.95001220703125,14.4000244140625,301
302,648.0,659.75,634.0,641.25,641.25,2568000,647.25,650.7000122070312,640.0,644.0,3.25,10.70001220703125,302
303,641.2999877929688,648.9500122070312,641.0,644.5499877929688,644.5499877929688,1008085,641.25,659.75,634.0,648.0,-6.75,25.75,303
304,646.1500244140625,665.0,646.1500244140625,658.5,658.5,2593055,644.5499877929688,648.9500122070312,641.0,641.2999877929688,3.25,7.95001220703125,304
