Date,Open,High,Low,Close,Volume,Time,Prev Close,Prev Open,PrevOPDiff,Prev High,Prev Low,Prev Volume
2019-10-15,147.2,149.48,139.21,142.63,10530041,1,145.55,125.2,-20.35000000000001,148.76,125.0,45270607.0
2019-10-16,142.8,144.2,139.65,140.13,3476306,2,142.63,147.2,4.569999999999993,149.48,139.21,10530041.0
2019-10-17,140.02,146.6,137.43,144.86,5032930,3,140.13,142.8,2.670000000000016,144.2,139.65,3476306.0
2019-10-18,145.0,157.98,143.21,155.83,9733230,4,144.86,140.02,-4.840000000000003,146.6,137.43,5032930.0
2019-10-22,157.39,173.35,156.2,168.94,9346788,5,155.83,145.0,-10.830000000000013,157.98,143.21,9733230.0
2019-10-23,173.2,181.98,173.2,180.06,9023269,6,168.94,157.39,-11.550000000000011,173.35,156.2,9346788.0
2019-10-24,184.99,190.7,172.53,180.41,11871313,7,180.06,173.2,-6.860000000000014,181.98,173.2,9023269.0
2019-10-25,181.0,183.2,175.2,179.81,3849535,8,180.41,184.99,4.5800000000000125,190.7,172.53,11871313.0
2019-10-27,182.2,185.0,179.0,181.25,1342257,9,179.81,181.0,1.1899999999999977,183.2,175.2,3849535.0
2019-10-29,181.4,181.48,175.73,176.62,2023748,10,181.25,182.2,0.9499999999999886,185.0,179.0,1342257.0
2019-10-30,176.2,184.0,176.17,178.09,3276203,11,176.62,181.4,4.780000000000001,181.48,175.73,2023748.0
2019-10-31,180.0,181.54,175.4,176.34,1839718,12,178.09,176.2,-1.8900000000000148,184.0,176.17,3276203.0
2019-11-01,177.0,181.59,176.62,178.1,1882230,13,176.34,180.0,3.6599999999999966,181.54,175.4,1839718.0
2019-11-04,179.0,179.6,176.05,176.69,839167,14,178.1,177.0,-1.0999999999999943,181.59,176.62,1882230.0
2019-11-05,177.34,181.4,174.26,176.3,2038067,15,176.69,179.0,2.3100000000000023,179.6,176.05,839167.0
2019-11-06,177.0,179.0,176.2,176.86,990090,16,176.3,177.34,1.039999999999992,181.4,174.26,2038067.0
2019-11-07,177.8,178.4,176.02,176.3,775102,17,176.86,177.0,0.13999999999998636,179.0,176.2,990090.0
2019-11-08,175.95,178.2,174.46,175.38,948769,18,176.3,177.8,1.5,178.4,176.02,775102.0
2019-11-11,177.2,188.67,176.8,186.58,5501875,19,175.38,175.95,0.5699999999999932,178.2,174.46,948769.0
2019-11-13,191.0,196.18,180.64,186.41,6174470,20,186.58,177.2,-9.380000000000024,188.67,176.8,5501875.0
2019-11-14,183.0,189.4,179.4,181.46,2867396,21,186.41,191.0,4.590000000000003,196.18,180.64,6174470.0
2019-11-15,184.0,187.96,180.4,185.64,3194038,22,181.46,183.0,1.539999999999992,189.4,179.4,2867396.0
2019-11-18,186.82,187.58,183.41,184.43,1144000,23,185.64,184.0,-1.6399999999999864,187.96,180.4,3194038.0
2019-11-19,184.55,184.8,180.0,180.51,1104593,24,184.43,186.82,2.3899999999999864,187.58,183.41,1144000.0
2019-11-20,181.8,183.4,178.0,179.14,1264597,25,180.51,184.55,4.0400000000000205,184.8,180.0,1104593.0
2019-11-21,179.6,181.2,176.02,176.96,1297118,26,179.14,181.8,2.660000000000025,183.4,178.0,1264597.0
2019-11-22,177.8,177.8,174.48,175.18,747673,27,176.96,179.6,2.6399999999999864,181.2,176.02,1297118.0
2019-11-25,175.8,178.0,174.62,176.43,687565,28,175.18,177.8,2.6200000000000045,177.8,174.48,747673.0
2019-11-26,177.4,179.0,175.1,175.74,794348,29,176.43,175.8,-0.6299999999999955,178.0,174.62,687565.0
2019-11-27,176.22,178.2,176.0,176.65,586626,30,175.74,177.4,1.6599999999999966,179.0,175.1,794348.0
2019-11-28,176.99,177.56,175.62,176.49,415748,31,176.65,176.22,-0.4300000000000068,178.2,176.0,586626.0
2019-11-29,176.43,183.74,175.6,179.45,1799753,32,176.49,176.99,0.5,177.56,175.62,415748.0
2019-12-03,177.2,177.8,174.2,175.0,550857,33,179.45,176.43,-3.019999999999982,183.74,175.6,1799753.0
2019-12-04,174.4,177.0,172.46,174.82,741046,34,175.0,177.2,2.1999999999999886,177.8,174.2,550857.0
2019-12-05,175.9,177.78,174.4,175.19,526976,35,174.82,174.4,-0.4199999999999875,177.0,172.46,741046.0
2019-12-06,175.4,175.73,173.63,174.47,355371,36,175.19,175.9,0.710000000000008,177.78,174.4,526976.0
2019-12-09,175.31,175.31,172.83,173.48,354249,37,174.47,175.4,0.9300000000000068,175.73,173.63,355371.0
2019-12-10,173.96,173.96,171.06,172.18,394809,38,173.48,175.31,1.8300000000000125,175.31,172.83,354249.0
2019-12-11,172.78,173.99,171.1,172.93,441041,39,172.18,173.96,1.7800000000000011,173.96,171.06,394809.0
2019-12-12,173.0,175.6,172.02,173.98,290277,40,172.93,172.78,-0.15000000000000568,173.99,171.1,441041.0
2019-12-13,174.85,180.68,174.02,178.1,1400505,41,173.98,173.0,-0.9799999999999898,175.6,172.02,290277.0
2019-12-16,178.9,178.9,176.43,177.34,356192,42,178.1,174.85,-3.25,180.68,174.02,1400505.0
2019-12-17,177.8,179.7,176.6,177.35,563331,43,177.34,178.9,1.5600000000000023,178.9,176.43,356192.0
2019-12-18,177.36,177.5,174.66,175.07,284932,44,177.35,177.8,0.45000000000001705,179.7,176.6,563331.0
2019-12-19,174.44,175.2,173.24,173.94,302745,45,175.07,177.36,2.2900000000000205,177.5,174.66,284932.0
2019-12-20,174.8,174.8,173.1,173.37,261200,46,173.94,174.44,0.5,175.2,173.24,302745.0
2019-12-23,173.6,174.0,172.2,172.95,328209,47,173.37,174.8,1.4300000000000068,174.8,173.1,261200.0
2019-12-24,177.0,179.96,175.04,177.51,2404158,48,172.95,173.6,0.6500000000000057,174.0,172.2,328209.0
2019-12-26,177.2,177.6,174.9,175.38,392561,49,177.51,177.0,-0.5099999999999909,179.96,175.04,2404158.0
2019-12-27,176.39,177.08,175.4,176.12,420523,50,175.38,177.2,1.8199999999999932,177.6,174.9,392561.0
2019-12-30,177.05,187.49,176.66,185.23,3047571,51,176.12,176.39,0.2699999999999818,177.08,175.4,420523.0
2019-12-31,186.4,190.94,184.26,186.69,3889180,52,185.23,177.05,-8.179999999999978,187.49,176.66,3047571.0
2020-01-01,188.38,190.77,186.96,188.87,1718655,53,186.69,186.4,-0.28999999999999204,190.94,184.26,3889180.0
2020-01-02,188.8,188.8,185.41,186.08,657531,54,188.87,188.38,-0.4900000000000091,190.77,186.96,1718655.0
2020-01-03,185.6,188.7,185.51,186.28,868570,55,186.08,188.8,2.719999999999999,188.8,185.41,657531.0
2020-01-06,185.4,185.41,178.02,178.89,784734,56,186.28,185.6,-0.6800000000000068,188.7,185.51,868570.0
2020-01-07,179.4,184.3,179.4,181.48,697359,57,178.89,185.4,6.510000000000019,185.41,178.02,784734.0
2020-01-08,179.8,180.52,177.26,179.23,554070,58,181.48,179.4,-2.079999999999984,184.3,179.4,697359.0
2020-01-09,182.07,184.12,182.0,182.73,599400,59,179.23,179.8,0.5700000000000216,180.52,177.26,554070.0
2020-01-10,182.4,185.48,181.73,183.45,508777,60,182.73,182.07,-0.6599999999999966,184.12,182.0,599400.0
2020-01-13,184.0,188.56,183.21,187.83,782985,61,183.45,182.4,-1.049999999999983,185.48,181.73,508777.0
2020-01-14,189.0,196.74,188.41,194.83,2897447,62,187.83,184.0,-3.8300000000000125,188.56,183.21,782985.0
2020-01-15,195.6,199.2,194.77,197.08,1712570,63,194.83,189.0,-5.8300000000000125,196.74,188.41,2897447.0
2020-01-16,196.96,201.67,196.95,200.73,1521414,64,197.08,195.6,-1.4800000000000182,199.2,194.77,1712570.0
2020-01-17,202.0,205.0,202.0,204.37,1099347,65,200.73,196.96,-3.769999999999982,201.67,196.95,1521414.0
2020-01-20,205.44,205.64,197.61,198.67,887648,66,204.37,202.0,-2.3700000000000045,205.0,202.0,1099347.0
2020-01-21,198.48,198.88,195.6,196.55,576489,67,198.67,205.44,6.77000000000001,205.64,197.61,887648.0
2020-01-22,198.0,201.2,197.4,199.37,594103,68,196.55,198.48,1.9299999999999784,198.88,195.6,576489.0
2020-01-23,199.72,200.15,197.8,199.1,326740,69,199.37,198.0,-1.3700000000000045,201.2,197.4,594103.0
2020-01-24,200.0,202.52,198.42,200.54,486570,70,199.1,199.72,0.6200000000000045,200.15,197.8,326740.0
2020-01-27,200.38,203.49,199.0,201.52,552128,71,200.54,200.0,-0.539999999999992,202.52,198.42,486570.0
2020-01-28,202.72,211.98,202.03,209.74,1302893,72,201.52,200.38,-1.1400000000000148,203.49,199.0,552128.0
2020-01-29,214.5,225.98,212.7,223.28,2878180,73,209.74,202.72,-7.02000000000001,211.98,202.03,1302893.0
2020-01-30,226.56,232.8,223.21,227.43,3814613,74,223.28,214.5,-8.780000000000001,225.98,212.7,2878180.0
2020-01-31,230.42,247.0,229.21,242.06,3326290,75,227.43,226.56,-0.8700000000000045,232.8,223.21,3814613.0
2020-02-01,248.2,266.6,233.64,238.79,11556397,76,242.06,230.42,-11.640000000000015,247.0,229.21,3326290.0
2020-02-03,238.87,252.6,237.21,250.17,2852658,77,238.79,248.2,9.409999999999997,266.6,233.64,11556397.0
2020-02-04,258.0,287.6,257.2,282.53,6594725,78,250.17,238.87,-11.299999999999983,252.6,237.21,2852658.0
2020-02-05,291.4,309.56,288.2,301.71,10960302,79,282.53,258.0,-24.529999999999973,287.6,257.2,6594725.0
2020-02-06,306.4,312.6,294.4,300.86,5593623,80,301.71,291.4,-10.310000000000002,309.56,288.2,10960302.0
2020-02-07,300.0,305.6,296.4,302.7,2379411,81,300.86,306.4,5.539999999999964,312.6,294.4,5593623.0
2020-02-10,304.78,307.6,293.2,296.04,2990816,82,302.7,300.0,-2.6999999999999886,305.6,296.4,2379411.0
2020-02-11,299.04,301.0,275.72,281.6,2889010,83,296.04,304.78,8.739999999999952,307.6,293.2,2990816.0
2020-02-12,279.0,290.0,270.0,283.05,5342502,84,281.6,299.04,17.439999999999998,301.0,275.72,2889010.0
2020-02-13,316.7,321.96,303.07,316.07,11381387,85,283.05,279.0,-4.050000000000011,290.0,270.0,5342502.0
2020-02-14,319.8,320.78,309.72,311.48,3329548,86,316.07,316.7,0.6299999999999955,321.96,303.07,11381387.0
2020-02-17,312.98,313.0,302.0,303.73,1568959,87,311.48,319.8,8.319999999999993,320.78,309.72,3329548.0
2020-02-18,303.0,329.6,297.0,327.72,7586511,88,303.73,312.98,9.25,313.0,302.0,1568959.0
2020-02-19,333.26,374.54,331.68,366.38,13312044,89,327.72,303.0,-24.720000000000027,329.6,297.0,7586511.0
2020-02-20,374.0,395.4,372.41,386.01,12052002,90,366.38,333.26,-33.120000000000005,374.54,331.68,13312044.0
2020-02-24,380.0,397.98,362.4,384.7,9857426,91,386.01,374.0,-12.009999999999991,395.4,372.41,12052002.0
2020-02-25,384.66,398.8,383.4,390.39,5764224,92,384.7,380.0,-4.699999999999989,397.98,362.4,9857426.0
2020-02-26,391.8,396.74,388.0,390.33,3688725,93,390.39,384.66,-5.729999999999961,398.8,383.4,5764224.0
2020-02-27,393.4,394.0,377.76,381.88,3475379,94,390.33,391.8,1.4700000000000273,396.74,388.0,3688725.0
2020-02-28,368.4,373.18,346.26,348.76,5090258,95,381.88,393.4,11.519999999999982,394.0,377.76,3475379.0
2020-03-02,362.0,374.74,327.29,344.65,4904409,96,348.76,368.4,19.639999999999986,373.18,346.26,5090258.0
2020-03-03,354.0,361.8,337.31,347.86,4315203,97,344.65,362.0,17.350000000000023,374.74,327.29,4904409.0
2020-03-04,350.4,353.0,313.08,313.08,4406093,98,347.86,354.0,6.139999999999986,361.8,337.31,4315203.0
2020-03-05,301.4,304.99,282.22,286.17,7607334,99,313.08,350.4,37.31999999999999,353.0,313.08,4406093.0
2020-03-06,271.87,271.87,271.87,271.87,232008,100,286.17,301.4,15.229999999999961,304.99,282.22,7607334.0
2020-03-09,258.28,258.28,258.28,258.28,135085,101,271.87,271.87,0.0,271.87,271.87,232008.0
2020-03-11,245.37,271.19,245.37,257.07,4083929,102,258.28,258.28,0.0,258.28,258.28,135085.0
2020-03-12,244.22,244.22,244.22,244.22,135614,103,257.07,245.37,-11.699999999999989,271.19,245.37,4083929.0
2020-03-13,232.01,253.76,232.01,245.55,3184135,104,244.22,244.22,0.0,244.22,244.22,135614.0
2020-03-16,236.22,239.6,233.28,233.28,1345706,105,245.55,232.01,-13.54000000000002,253.76,232.01,3184135.0
2020-03-17,230.4,235.76,221.62,221.62,1798036,106,233.28,236.22,2.9399999999999977,239.6,233.28,1345706.0
2020-03-18,215.32,217.59,210.54,210.54,411932,107,221.62,230.4,8.780000000000001,235.76,221.62,1798036.0
2020-03-19,200.02,206.6,200.02,200.02,671844,108,210.54,215.32,4.780000000000001,217.59,210.54,411932.0
2020-03-20,194.05,201.0,190.02,190.2,3068377,109,200.02,200.02,0.0,206.6,200.02,671844.0
2020-03-23,180.69,180.69,180.69,180.69,166278,110,190.2,194.05,3.8500000000000227,201.0,190.02,3068377.0
2020-03-24,172.2,175.59,171.66,171.66,269345,111,180.69,180.69,0.0,180.69,180.69,166278.0
2020-03-25,164.05,165.0,163.08,163.08,295503,112,171.66,172.2,0.539999999999992,175.59,171.66,269345.0
2020-03-26,154.93,171.23,154.93,171.23,1053226,113,163.08,164.05,0.9699999999999989,165.0,163.08,295503.0
2020-03-27,179.79,179.79,179.79,179.79,159470,114,171.23,154.93,-16.299999999999983,171.23,154.93,1053226.0
2020-03-30,177.98,188.77,171.63,187.16,1825236,115,179.79,179.79,0.0,179.79,179.79,159470.0
2020-03-31,196.51,196.51,196.51,196.51,64614,116,187.16,177.98,-9.180000000000007,188.77,171.63,1825236.0
2020-04-01,206.33,206.33,206.33,206.33,56186,117,196.51,196.51,0.0,196.51,196.51,64614.0
2020-04-03,216.64,216.64,216.64,216.64,224922,118,206.33,206.33,0.0,206.33,206.33,56186.0
2020-04-07,222.0,227.47,219.8,227.47,595441,119,216.64,216.64,0.0,216.64,216.64,224922.0
2020-04-08,238.84,238.84,238.84,238.84,96331,120,227.47,222.0,-5.469999999999999,227.47,219.8,595441.0
2020-04-09,250.78,250.78,250.78,250.78,102764,121,238.84,238.84,0.0,238.84,238.84,96331.0
2020-04-13,251.8,263.31,240.02,258.16,3734630,122,250.78,250.78,0.0,250.78,250.78,102764.0
2020-04-15,245.26,257.76,245.26,246.11,1503122,123,258.16,251.8,-6.360000000000014,263.31,240.02,3734630.0
2020-04-16,244.8,258.41,238.0,258.41,1328033,124,246.11,245.26,-0.8500000000000227,257.76,245.26,1503122.0
2020-04-17,271.33,271.33,261.73,271.33,1950259,125,258.41,244.8,-13.610000000000014,258.41,238.0,1328033.0
2020-04-20,281.4,284.89,274.0,284.89,1180896,126,271.33,271.33,0.0,271.33,261.73,1950259.0
2020-04-21,282.0,297.0,276.0,292.42,2588589,127,284.89,281.4,-3.490000000000009,284.89,274.0,1180896.0
2020-04-22,296.0,301.8,280.22,286.89,2024664,128,292.42,282.0,-10.420000000000016,297.0,276.0,2588589.0
2020-04-23,288.0,289.79,273.11,274.27,1486466,129,286.89,296.0,9.110000000000014,301.8,280.22,2024664.0
2020-04-24,266.0,269.55,260.56,260.56,911686,130,274.27,288.0,13.730000000000018,289.79,273.11,1486466.0
2020-04-27,252.4,265.98,248.17,253.53,1469187,131,260.56,266.0,5.439999999999998,269.55,260.56,911686.0
2020-04-28,256.0,266.2,247.0,265.68,2002025,132,253.53,252.4,-1.1299999999999955,265.98,248.17,1469187.0
2020-04-29,272.8,272.8,261.11,263.8,1254301,133,265.68,256.0,-9.680000000000007,266.2,247.0,2002025.0
2020-04-30,268.0,268.99,263.0,264.87,799185,134,263.8,272.8,9.0,272.8,261.11,1254301.0
2020-05-04,254.02,260.8,254.02,256.47,765849,135,264.87,268.0,3.1299999999999955,268.99,263.0,799185.0
2020-05-05,261.0,261.96,252.0,252.4,656951,136,256.47,254.02,-2.450000000000017,260.8,254.02,765849.0
2020-05-06,252.8,253.78,240.45,243.24,920936,137,252.4,261.0,8.599999999999994,261.96,252.0,656951.0
2020-05-07,243.88,249.79,238.0,242.91,1023481,138,243.24,252.8,9.560000000000002,253.78,240.45,920936.0
2020-05-08,246.0,255.05,244.4,248.3,1868132,139,242.91,243.88,0.9699999999999989,249.79,238.0,1023481.0
2020-05-11,260.71,260.71,260.71,260.71,129360,140,248.3,246.0,-2.3000000000000114,255.05,244.4,1868132.0
2020-05-12,273.74,273.74,273.74,273.74,172092,141,260.71,260.71,0.0,260.71,260.71,129360.0
2020-05-13,287.42,287.42,275.2,287.42,2268041,142,273.74,273.74,0.0,273.74,273.74,172092.0
2020-05-14,293.99,295.0,276.53,277.84,3802256,143,287.42,287.42,0.0,287.42,275.2,2268041.0
2020-05-15,268.4,275.48,265.13,266.02,1285331,144,277.84,293.99,16.150000000000034,295.0,276.53,3802256.0
2020-05-18,262.1,262.99,252.72,252.72,862751,145,266.02,268.4,2.3799999999999955,275.48,265.13,1285331.0
2020-05-19,253.0,261.99,249.13,253.98,1208900,146,252.72,262.1,9.380000000000024,262.99,252.72,862751.0
2020-05-20,266.67,266.67,266.67,266.67,518570,147,253.98,253.0,-0.9799999999999898,261.99,249.13,1208900.0
2020-05-21,280.0,280.0,280.0,280.0,186571,148,266.67,266.67,0.0,266.67,266.67,518570.0
2020-05-22,289.8,292.0,280.0,284.54,2602909,149,280.0,280.0,0.0,280.0,280.0,186571.0
2020-05-26,289.8,289.8,274.6,275.55,1167876,150,284.54,289.8,5.259999999999991,292.0,280.0,2602909.0
2020-05-27,269.4,282.98,266.2,278.35,1205961,151,275.55,289.8,14.25,289.8,274.6,1167876.0
2020-05-28,277.8,280.8,272.4,276.26,720618,152,278.35,269.4,-8.950000000000045,282.98,266.2,1205961.0
2020-05-29,276.0,284.4,273.27,282.07,1242472,153,276.26,277.8,1.5400000000000205,280.8,272.4,720618.0
2020-06-01,290.0,290.0,282.28,283.15,951508,154,282.07,276.0,-6.069999999999993,284.4,273.27,1242472.0
2020-06-02,284.4,285.0,280.4,281.97,636146,155,283.15,290.0,6.850000000000023,290.0,282.28,951508.0
2020-06-03,283.0,284.33,277.8,278.51,831499,156,281.97,284.4,2.42999999999995,285.0,280.4,636146.0
2020-06-04,279.5,287.98,276.32,286.29,1851685,157,278.51,283.0,4.490000000000009,284.33,277.8,831499.0
2020-06-05,291.78,297.5,287.2,291.24,2726540,158,286.29,279.5,-6.7900000000000205,287.98,276.32,1851685.0
2020-06-08,294.0,319.0,291.77,306.43,4335458,159,291.24,291.78,0.5399999999999636,297.5,287.2,2726540.0
2020-06-09,309.2,314.0,294.4,298.68,1600239,160,306.43,294.0,-12.430000000000007,319.0,291.77,4335458.0
2020-06-10,299.2,301.37,287.4,290.91,1120128,161,298.68,309.2,10.519999999999982,314.0,294.4,1600239.0
2020-06-11,290.9,295.59,285.11,286.67,859510,162,290.91,299.2,8.289999999999964,301.37,287.4,1120128.0
2020-06-12,268.2,288.8,268.2,285.05,1540126,163,286.67,290.9,4.229999999999961,295.59,285.11,859510.0
2020-06-15,285.0,289.8,282.13,284.65,733722,164,285.05,268.2,-16.850000000000023,288.8,268.2,1540126.0
2020-06-16,289.0,290.55,276.16,282.21,891268,165,284.65,285.0,0.35000000000002274,289.8,282.13,733722.0
2020-06-17,278.0,283.56,277.21,279.02,510679,166,282.21,289.0,6.7900000000000205,290.55,276.16,891268.0
2020-06-18,280.0,285.54,278.27,281.92,649132,167,279.02,278.0,-1.0199999999999818,283.56,277.21,510679.0
2020-06-19,284.0,289.2,283.0,284.79,1500063,168,281.92,280.0,-1.920000000000016,285.54,278.27,649132.0
2020-06-22,286.0,288.4,282.42,283.28,769590,169,284.79,284.0,-0.7900000000000205,289.2,283.0,1500063.0
2020-06-23,285.2,299.5,283.6,290.16,2551183,170,283.28,286.0,2.7200000000000273,288.4,282.42,769590.0
2020-06-24,292.39,295.8,283.46,284.2,1125681,171,290.16,285.2,-4.960000000000036,299.5,283.6,2551183.0
2020-06-25,282.0,285.99,278.4,282.47,689248,172,284.2,292.39,8.189999999999998,295.8,283.46,1125681.0
2020-06-26,269.8,280.8,268.0,276.45,1727846,173,282.47,282.0,-0.4700000000000273,285.99,278.4,689248.0
2020-06-29,274.0,274.0,270.01,271.17,716802,174,276.45,269.8,-6.649999999999977,280.8,268.0,1727846.0
2020-06-30,274.0,276.99,271.22,271.73,548385,175,271.17,274.0,2.829999999999984,274.0,270.01,716802.0
2020-07-01,272.73,275.4,271.2,272.61,382997,176,271.73,274.0,2.269999999999982,276.99,271.22,548385.0
2020-07-02,288.0,293.56,279.06,282.47,2158418,177,272.61,272.73,0.12000000000000455,275.4,271.2,382997.0
2020-07-03,283.0,285.0,279.6,281.02,599488,178,282.47,288.0,5.529999999999973,293.56,279.06,2158418.0
2020-07-06,281.1,283.1,278.8,280.15,614933,179,281.02,283.0,1.9800000000000182,285.0,279.6,599488.0
2020-07-07,282.0,282.2,278.01,279.48,480214,180,280.15,281.1,0.9500000000000455,283.1,278.8,614933.0
2020-07-08,279.4,282.67,276.92,278.02,472306,181,279.48,282.0,2.519999999999982,282.2,278.01,480214.0
2020-07-09,279.2,280.0,276.23,277.01,352999,182,278.02,279.4,1.3799999999999955,282.67,276.92,472306.0
2020-07-10,275.0,288.8,272.0,280.19,1832270,183,277.01,279.2,2.1899999999999977,280.0,276.23,352999.0
2020-07-13,288.8,288.8,277.27,279.47,1325294,184,280.19,275.0,-5.189999999999998,288.8,272.0,1832270.0
2020-07-14,277.4,277.4,271.11,272.43,755567,185,279.47,288.8,9.329999999999984,288.8,277.27,1325294.0
2020-07-15,273.03,275.8,270.0,270.39,554120,186,272.43,277.4,4.96999999999997,277.4,271.11,755567.0
2020-07-16,271.0,275.8,267.0,272.84,528436,187,270.39,273.03,2.6399999999999864,275.8,270.0,554120.0
2020-07-17,274.8,280.0,273.34,274.19,807945,188,272.84,271.0,-1.839999999999975,275.8,267.0,528436.0
2020-07-20,276.0,277.8,274.2,275.29,505497,189,274.19,274.8,0.6100000000000136,280.0,273.34,807945.0
2020-07-21,276.3,282.44,275.29,278.04,1155149,190,275.29,276.0,0.7099999999999795,277.8,274.2,505497.0
2020-07-22,279.0,279.74,274.0,274.59,458144,191,278.04,276.3,-1.740000000000009,282.44,275.29,1155149.0
2020-07-23,274.62,277.2,273.01,274.3,419217,192,274.59,279.0,4.410000000000025,279.74,274.0,458144.0
2020-07-24,273.02,274.4,271.2,271.57,376199,193,274.3,274.62,0.3199999999999932,277.2,273.01,419217.0
2020-07-27,271.6,272.21,268.41,268.97,320916,194,271.57,273.02,1.4499999999999886,274.4,271.2,376199.0
2020-07-28,269.0,270.8,268.0,269.11,256364,195,268.97,271.6,2.6299999999999955,272.21,268.41,320916.0
2020-07-29,269.0,273.8,268.61,270.55,385496,196,269.11,269.0,-0.11000000000001364,270.8,268.0,256364.0
2020-07-30,270.2,271.99,268.0,268.14,261621,197,270.55,269.0,-1.5500000000000114,273.8,268.61,385496.0
2020-07-31,269.16,269.34,266.43,267.17,214884,198,268.14,270.2,2.0600000000000023,271.99,268.0,261621.0
2020-08-03,267.4,272.4,266.84,267.94,293417,199,267.17,269.16,1.990000000000009,269.34,266.43,214884.0
2020-08-04,267.2,269.58,267.04,267.96,226477,200,267.94,267.4,-0.5400000000000205,272.4,266.84,293417.0
2020-08-05,269.0,269.4,267.0,267.39,221229,201,267.96,267.2,-0.7599999999999909,269.58,267.04,226477.0
2020-08-06,267.5,269.41,266.04,266.91,300335,202,267.39,269.0,1.6100000000000136,269.4,267.0,221229.0
2020-08-07,267.0,267.8,266.0,266.27,270307,203,266.91,267.5,0.589999999999975,269.41,266.04,300335.0
2020-08-10,266.4,267.4,264.09,264.75,307775,204,266.27,267.0,0.7300000000000182,267.8,266.0,270307.0
2020-08-11,264.8,276.86,263.01,274.41,1109433,205,264.75,266.4,1.6499999999999773,267.4,264.09,307775.0
2020-08-12,270.0,282.8,270.0,277.36,1764191,206,274.41,264.8,-9.610000000000014,276.86,263.01,1109433.0
2020-08-13,279.6,282.38,275.02,276.82,688942,207,277.36,270.0,-7.360000000000014,282.8,270.0,1764191.0
2020-08-14,277.01,281.9,270.01,273.72,986495,208,276.82,279.6,2.7800000000000296,282.38,275.02,688942.0
2020-08-17,275.6,280.72,272.06,276.71,870687,209,273.72,277.01,3.2899999999999636,281.9,270.01,986495.0
2020-08-18,276.0,277.98,275.0,275.53,342010,210,276.71,275.6,-1.1099999999999568,280.72,272.06,870687.0
2020-08-19,277.2,280.4,267.6,272.36,1279857,211,275.53,276.0,0.4700000000000273,277.98,275.0,342010.0
2020-08-20,269.0,271.49,266.45,269.41,610627,212,272.36,277.2,4.839999999999975,280.4,267.6,1279857.0
2020-08-21,270.02,271.78,267.1,268.36,427626,213,269.41,269.0,-0.410000000000025,271.49,266.45,610627.0
2020-08-24,268.4,270.0,267.06,267.62,349571,214,268.36,270.02,1.6599999999999682,271.78,267.1,427626.0
2020-08-25,269.6,271.13,268.0,268.35,364439,215,267.62,268.4,0.7799999999999727,270.0,267.06,349571.0
2020-08-26,269.01,277.44,268.44,273.86,1102150,216,268.35,269.6,1.25,271.13,268.0,364439.0
2020-08-27,274.9,276.8,273.0,273.5,330141,217,273.86,269.01,-4.850000000000023,277.44,268.44,1102150.0
2020-08-28,273.2,275.96,272.51,273.3,323813,218,273.5,274.9,1.3999999999999773,276.8,273.0,330141.0
2020-08-31,279.8,279.8,267.2,268.85,582689,219,273.3,273.2,-0.10000000000002274,275.96,272.51,323813.0
2020-09-01,267.2,273.0,267.2,270.3,334563,220,268.85,279.8,10.949999999999989,279.8,267.2,582689.0
2020-09-02,272.6,273.98,270.62,271.95,246512,221,270.3,267.2,-3.1000000000000227,273.0,267.2,334563.0
2020-09-03,273.2,277.6,272.24,273.74,499625,222,271.95,272.6,0.6500000000000341,273.98,270.62,246512.0
2020-09-04,269.6,273.8,269.6,273.04,318122,223,273.74,273.2,-0.5400000000000205,277.6,272.24,499625.0
2020-09-07,278.0,290.33,273.2,282.97,3210807,224,273.04,269.6,-3.4399999999999977,273.8,269.6,318122.0
2020-09-08,284.2,291.98,270.0,275.89,3200805,225,282.97,278.0,-4.970000000000027,290.33,273.2,3210807.0
2020-09-09,270.0,271.74,264.23,269.78,1900528,226,275.89,284.2,8.310000000000002,291.98,270.0,3200805.0
2020-09-10,272.0,276.79,270.03,274.17,668786,227,269.78,270.0,0.22000000000002728,271.74,264.23,1900528.0
2020-09-11,273.9,275.2,270.2,274.11,445384,228,274.17,272.0,-2.170000000000016,276.79,270.03,668786.0
2020-09-14,272.0,277.6,270.0,273.57,861596,229,274.11,273.9,-0.21000000000003638,275.2,270.2,445384.0
2020-09-15,275.0,277.6,272.23,273.96,298472,230,273.57,272.0,-1.5699999999999932,277.6,270.0,861596.0
2020-09-16,275.2,275.4,272.8,273.48,232143,231,273.96,275.0,1.0400000000000205,277.6,272.23,298472.0
2020-09-17,272.2,274.82,271.8,274.14,330915,232,273.48,275.2,1.7199999999999704,275.4,272.8,232143.0
2020-09-18,275.2,284.0,274.14,281.07,753209,233,274.14,272.2,-1.9399999999999977,274.82,271.8,330915.0
2020-09-21,285.0,286.0,276.0,279.47,947382,234,281.07,275.2,-5.8700000000000045,284.0,274.14,753209.0
2020-09-22,278.0,278.0,266.02,271.14,569167,235,279.47,285.0,5.529999999999973,286.0,276.0,947382.0
2020-09-23,273.0,276.0,270.65,274.57,274748,236,271.14,278.0,6.860000000000014,278.0,266.02,569167.0
2020-09-24,270.57,273.2,266.4,267.77,399473,237,274.57,273.0,-1.5699999999999932,276.0,270.65,274748.0
2020-09-25,272.0,272.0,268.0,270.41,222705,238,267.77,270.57,2.8000000000000114,273.2,266.4,399473.0
2020-09-28,272.0,274.5,271.0,273.41,236418,239,270.41,272.0,1.589999999999975,272.0,268.0,222705.0
2020-09-29,274.0,279.0,272.8,276.67,437120,240,273.41,272.0,-1.410000000000025,274.5,271.0,236418.0
2020-09-30,276.68,283.9,273.74,276.8,637109,241,276.67,274.0,-2.670000000000016,279.0,272.8,437120.0
2020-10-01,282.0,282.0,274.0,275.86,297196,242,276.8,276.68,-0.12000000000000455,283.9,273.74,637109.0
2020-10-05,278.0,278.21,271.25,275.21,406746,243,275.86,282.0,6.139999999999986,282.0,274.0,297196.0
2020-10-06,272.6,274.6,272.0,272.77,203011,244,275.21,278.0,2.7900000000000205,278.21,271.25,406746.0
2020-10-07,274.0,275.3,269.8,271.38,393986,245,272.77,272.6,-0.16999999999995907,274.6,272.0,203011.0
2020-10-08,273.6,273.99,270.0,271.12,268484,246,271.38,274.0,2.6200000000000045,275.3,269.8,393986.0
2020-10-09,273.3,273.3,269.7,270.2,151208,247,271.12,273.6,2.480000000000018,273.99,270.0,268484.0
2020-10-12,271.0,273.96,266.0,266.93,443935,248,270.2,273.3,3.1000000000000227,273.3,269.7,151208.0
2020-10-13,267.61,269.6,266.67,267.3,163871,249,266.93,271.0,4.069999999999993,273.96,266.0,443935.0
2020-10-14,270.0,271.52,266.2,267.61,346035,250,267.3,267.61,0.3100000000000023,269.6,266.67,163871.0
2020-10-15,268.0,269.54,265.2,265.9,234817,251,267.61,270.0,2.3899999999999864,271.52,266.2,346035.0
2020-10-16,265.8,268.0,265.0,265.62,141609,252,265.9,268.0,2.1000000000000227,269.54,265.2,234817.0
2020-10-19,266.0,267.0,265.06,265.38,119596,253,265.62,265.8,0.18000000000000682,268.0,265.0,141609.0
2020-10-20,265.2,268.54,265.2,266.44,212949,254,265.38,266.0,0.6200000000000045,267.0,265.06,119596.0
2020-10-21,267.31,268.78,265.6,266.35,156434,255,266.44,265.2,-1.240000000000009,268.54,265.2,212949.0
2020-10-22,266.6,267.54,265.27,265.55,90626,256,266.35,267.31,0.9599999999999795,268.78,265.6,156434.0
2020-10-23,265.8,266.57,265.4,265.59,84503,257,265.55,266.6,1.0500000000000114,267.54,265.27,90626.0
2020-10-26,265.8,266.2,263.6,264.13,159576,258,265.59,265.8,0.21000000000003638,266.57,265.4,84503.0
2020-10-27,265.2,265.78,259.41,265.2,214182,259,264.13,265.8,1.670000000000016,266.2,263.6,159576.0
2020-10-28,264.8,267.8,262.0,266.67,185018,260,265.2,265.2,0.0,265.78,259.41,214182.0
2020-10-29,262.0,268.0,262.0,266.12,165784,261,266.67,264.8,-1.8700000000000045,267.8,262.0,185018.0
2020-10-30,264.56,265.89,262.0,263.04,116348,262,266.12,262.0,-4.1200000000000045,268.0,262.0,165784.0
2020-11-02,264.04,264.35,260.0,260.45,123930,263,263.04,264.56,1.5199999999999818,265.89,262.0,116348.0
2020-11-03,260.6,262.3,260.0,260.29,107309,264,260.45,264.04,3.590000000000032,264.35,260.0,123930.0
2020-11-04,258.57,261.76,258.01,260.11,128498,265,260.29,260.6,0.3100000000000023,262.3,260.0,107309.0
2020-11-05,260.22,263.31,260.22,262.08,159682,266,260.11,258.57,-1.5400000000000205,261.76,258.01,128498.0
2020-11-06,263.6,263.68,261.66,262.24,108108,267,262.08,260.22,-1.8599999999999568,263.31,260.22,159682.0
2020-11-09,263.6,264.51,262.2,262.57,134488,268,262.24,263.6,1.3600000000000136,263.68,261.66,108108.0
2020-11-10,265.0,283.37,264.41,274.87,1889923,269,262.57,263.6,1.0300000000000296,264.51,262.2,134488.0
2020-11-11,279.6,281.4,268.6,274.25,611896,270,274.87,265.0,-9.870000000000005,283.37,264.41,1889923.0
2020-11-12,275.0,280.0,271.02,276.29,494237,271,274.25,279.6,5.350000000000023,281.4,268.6,611896.0
2020-11-13,273.8,280.6,273.18,277.85,619636,272,276.29,275.0,-1.2900000000000205,280.0,271.02,494237.0
2020-11-17,279.73,281.4,274.52,276.06,418712,273,277.85,273.8,-4.050000000000011,280.6,273.18,619636.0
2020-11-18,273.0,274.19,270.42,273.06,311995,274,276.06,279.73,3.670000000000016,281.4,274.52,418712.0
2020-11-19,272.8,276.0,272.0,275.21,227210,275,273.06,273.0,-0.060000000000002274,274.19,270.42,311995.0
2020-11-20,278.0,279.8,272.33,276.23,503583,276,275.21,272.8,-2.409999999999968,276.0,272.0,227210.0
2020-11-23,273.6,274.8,271.4,272.47,322526,277,276.23,278.0,1.7699999999999818,279.8,272.33,503583.0
2020-11-24,274.04,275.84,271.4,272.46,224459,278,272.47,273.6,1.1299999999999955,274.8,271.4,322526.0
2020-11-25,274.0,274.0,270.6,270.78,189928,279,272.46,274.04,1.580000000000041,275.84,271.4,224459.0
2020-11-26,271.2,271.99,269.26,270.27,122926,280,270.78,274.0,3.2200000000000273,274.0,270.6,189928.0
2020-11-27,269.26,273.35,269.26,270.69,198922,281,270.27,271.2,0.9300000000000068,271.99,269.26,122926.0
2020-12-01,271.6,273.6,270.7,271.62,189344,282,270.69,269.26,-1.4300000000000068,273.35,269.26,198922.0
2020-12-02,273.6,273.76,269.31,269.98,186840,283,271.62,271.6,-0.01999999999998181,273.6,270.7,189344.0
2020-12-03,272.8,279.21,270.0,275.61,631548,284,269.98,273.6,3.6200000000000045,273.76,269.31,186840.0
2020-12-04,276.4,319.4,276.4,314.12,10432630,285,275.61,272.8,-2.8100000000000023,279.21,270.0,631548.0
2020-12-07,317.0,344.0,316.6,338.31,7808616,286,314.12,276.4,-37.72000000000003,319.4,276.4,10432630.0
2020-12-08,341.36,360.0,319.32,329.7,6108179,287,338.31,317.0,-21.310000000000002,344.0,316.6,7808616.0
2020-12-09,333.32,340.25,320.2,323.55,3686437,288,329.7,341.36,11.660000000000025,360.0,319.32,6108179.0
2020-12-10,281.0,304.93,281.0,290.55,17186934,289,323.55,333.32,9.769999999999982,340.25,320.2,3686437.0
2020-12-11,280.79,289.76,280.0,284.2,9772926,290,290.55,281.0,-9.550000000000011,304.93,281.0,17186934.0
2020-12-14,284.98,301.74,284.41,295.8,9444600,291,284.2,280.79,-3.409999999999968,289.76,280.0,9772926.0
2020-12-15,298.98,299.6,286.22,288.2,5273914,292,295.8,284.98,-10.819999999999993,301.74,284.41,9444600.0
2020-12-16,290.76,291.18,284.0,284.68,3560008,293,288.2,298.98,10.78000000000003,299.6,286.22,5273914.0
2020-12-17,286.2,288.22,284.05,284.97,1327523,294,284.68,290.76,6.079999999999984,291.18,284.0,3560008.0
2020-12-18,286.0,291.3,282.0,284.9,3269771,295,284.97,286.2,1.2299999999999613,288.22,284.05,1327523.0
2020-12-21,284.76,287.5,271.8,274.7,2556756,296,284.9,286.0,1.1000000000000227,291.3,282.0,3269771.0
2020-12-22,274.8,281.79,267.29,279.81,2680817,297,274.7,284.76,10.060000000000002,287.5,271.8,2556756.0
2020-12-23,280.88,284.7,275.81,282.31,1632777,298,279.81,274.8,-5.009999999999991,281.79,267.29,2680817.0
2020-12-24,284.2,285.68,280.64,281.79,1242982,299,282.31,280.88,-1.4300000000000068,284.7,275.81,1632777.0
2020-12-28,284.0,287.66,282.22,283.59,1324341,300,281.79,284.2,2.409999999999968,285.68,280.64,1242982.0
2020-12-29,285.2,285.58,281.6,282.16,928547,301,283.59,284.0,0.410000000000025,287.66,282.22,1324341.0
2020-12-30,284.0,288.6,281.6,286.99,1637204,302,282.16,285.2,3.0399999999999636,285.58,281.6,928547.0
2020-12-31,289.0,293.0,286.15,287.56,2644030,303,286.99,284.0,-2.990000000000009,288.6,281.6,1637204.0
2021-01-01,289.4,291.8,288.02,289.0,1164188,304,287.56,289.0,1.4399999999999977,293.0,286.15,2644030.0
2021-01-04,292.4,293.6,289.0,290.21,1052506,305,289.0,289.4,0.39999999999997726,291.8,288.02,1164188.0
2021-01-05,288.74,292.6,286.29,291.37,1238935,306,290.21,292.4,2.1899999999999977,293.6,289.0,1052506.0
2021-01-06,292.39,302.98,289.8,296.69,4244765,307,291.37,288.74,-2.6299999999999955,292.6,286.29,1238935.0
2021-01-07,298.8,301.98,296.0,297.89,1769008,308,296.69,292.39,-4.300000000000011,302.98,289.8,4244765.0
2021-01-08,300.8,301.96,292.15,294.3,1568909,309,297.89,298.8,0.910000000000025,301.98,296.0,1769008.0
2021-01-11,296.47,296.8,290.4,292.14,1029958,310,294.3,300.8,6.5,301.96,292.15,1568909.0
2021-01-12,292.14,299.4,290.8,296.09,1804821,311,292.14,296.47,4.330000000000041,296.8,290.4,1029958.0
2021-01-13,298.4,298.71,288.44,292.23,1180696,312,296.09,292.14,-3.9499999999999886,299.4,290.8,1804821.0
2021-01-14,293.69,296.43,290.49,292.62,1123619,313,292.23,298.4,6.169999999999959,298.71,288.44,1180696.0
2021-01-15,293.69,294.0,287.4,288.24,996644,314,292.62,293.69,1.0699999999999932,296.43,290.49,1123619.0
2021-01-18,289.69,292.37,283.54,284.67,1265872,315,288.24,293.69,5.449999999999989,294.0,287.4,996644.0
2021-01-19,287.6,289.57,286.56,288.7,577500,316,284.67,289.69,5.019999999999982,292.37,283.54,1265872.0
2021-01-20,290.0,291.68,287.4,290.54,574115,317,288.7,287.6,-1.099999999999966,289.57,286.56,577500.0
2021-01-21,292.0,296.63,290.0,290.9,1208440,318,290.54,290.0,-0.5400000000000205,291.68,287.4,574115.0
2021-01-22,290.8,292.49,284.62,286.49,882007,319,290.9,292.0,1.1000000000000227,296.63,290.0,1208440.0
2021-01-25,286.6,289.09,283.41,285.25,699480,320,286.49,290.8,4.310000000000002,292.49,284.62,882007.0
2021-01-27,286.55,288.73,284.45,287.65,823107,321,285.25,286.6,1.3500000000000227,289.09,283.41,699480.0
2021-01-28,287.3,299.74,286.6,291.41,2827956,322,287.65,286.55,-1.099999999999966,288.73,284.45,823107.0
2021-01-29,293.6,295.79,289.04,291.22,1400736,323,291.41,287.3,-4.110000000000014,299.74,286.6,2827956.0
2021-02-01,293.95,299.54,290.23,291.98,2441698,324,291.22,293.6,2.3799999999999955,295.79,289.04,1400736.0
2021-02-02,293.6,295.6,292.27,294.1,1063176,325,291.98,293.95,1.9699999999999704,299.54,290.23,2441698.0
2021-02-03,295.48,299.6,292.43,293.87,1862533,326,294.1,293.6,-0.5,295.6,292.27,1063176.0
2021-02-04,294.96,308.0,292.85,303.78,2205120,327,293.87,295.48,1.6100000000000136,299.6,292.43,1862533.0
2021-02-05,309.94,313.6,303.0,311.0,3005886,328,303.78,294.96,-8.819999999999993,308.0,292.85,2205120.0
2021-02-08,313.96,325.8,312.4,323.74,4852761,329,311.0,309.94,-1.0600000000000023,313.6,303.0,3005886.0
2021-02-09,324.8,337.78,318.4,328.35,5315247,330,323.74,313.96,-9.78000000000003,325.8,312.4,4852761.0
2021-02-10,329.68,334.8,322.22,323.68,3051054,331,328.35,324.8,-3.5500000000000114,337.78,318.4,5315247.0
2021-02-11,325.2,327.39,322.35,323.8,1120998,332,323.68,329.68,6.0,334.8,322.22,3051054.0
2021-02-12,325.49,353.54,325.2,346.38,7299539,333,323.8,325.2,1.3999999999999773,327.39,322.35,1120998.0
2021-02-15,346.8,349.0,336.4,342.62,2921000,334,346.38,325.49,-20.889999999999986,353.54,325.2,7299539.0
2021-02-16,343.6,346.75,332.4,334.83,1776370,335,342.62,346.8,4.180000000000007,349.0,336.4,2921000.0
2021-02-17,334.4,346.0,331.4,339.73,2092090,336,334.83,343.6,8.770000000000039,346.75,332.4,1776370.0
2021-02-18,337.21,345.2,337.21,340.24,936104,337,339.73,334.4,-5.330000000000041,346.0,331.4,2092090.0
2021-02-19,340.59,343.05,331.19,335.08,997364,338,340.24,337.21,-3.0300000000000296,345.2,337.21,936104.0
2021-02-22,335.0,335.0,319.6,323.17,1717799,339,335.08,340.59,5.509999999999991,343.05,331.19,997364.0
2021-02-23,322.99,328.42,318.56,326.58,937489,340,323.17,335.0,11.829999999999984,335.0,319.6,1717799.0
2021-02-24,327.6,339.4,326.02,335.09,647085,341,326.58,322.99,-3.589999999999975,328.42,318.56,937489.0
2021-02-25,337.0,347.95,334.0,345.39,1907444,342,335.09,327.6,-7.489999999999952,339.4,326.02,647085.0
2021-02-26,339.0,361.99,336.0,351.93,5127721,343,345.39,337.0,-8.389999999999986,347.95,334.0,1907444.0
2021-03-01,357.59,394.97,355.11,387.69,6616257,344,351.93,339.0,-12.930000000000007,361.99,336.0,5127721.0
2021-03-02,394.1,397.6,374.01,379.53,5559277,345,387.69,357.59,-30.100000000000023,394.97,355.11,6616257.0
2021-03-03,379.8,386.0,376.0,377.22,1831971,346,379.53,394.1,14.57000000000005,397.6,374.01,5559277.0
2021-03-04,377.0,403.16,374.0,392.22,9592188,347,377.22,379.8,2.579999999999984,386.0,376.0,1831971.0
2021-03-05,393.99,399.68,379.2,388.17,3595828,348,392.22,377.0,-15.220000000000027,403.16,374.0,9592188.0
2021-03-08,392.0,405.4,385.32,403.09,4183381,349,388.17,393.99,5.819999999999993,399.68,379.2,3595828.0
2021-03-09,410.0,414.6,403.0,405.34,4782464,350,403.09,392.0,-11.089999999999975,405.4,385.32,4183381.0
2021-03-10,409.0,409.56,401.4,403.7,1695813,351,405.34,410.0,4.660000000000025,414.6,403.0,4782464.0
2021-03-12,406.0,412.74,393.0,397.47,2502959,352,403.7,409.0,5.300000000000011,409.56,401.4,1695813.0
2021-03-15,401.29,401.29,383.0,389.41,2109912,353,397.47,406.0,8.529999999999973,412.74,393.0,2502959.0
2021-03-16,385.72,387.94,378.0,380.81,2205067,354,389.41,401.29,11.879999999999995,401.29,383.0,2109912.0
2021-03-17,381.0,383.89,360.2,364.8,2363751,355,380.81,385.72,4.910000000000025,387.94,378.0,2205067.0
2021-03-18,367.6,372.0,348.0,353.33,3667455,356,364.8,381.0,16.19999999999999,383.89,360.2,2363751.0
2021-03-19,350.0,375.0,340.6,371.09,4907008,357,353.33,367.6,14.270000000000039,372.0,348.0,3667455.0
2021-03-22,371.4,375.8,360.83,367.61,2250190,358,371.09,350.0,-21.089999999999975,375.0,340.6,4907008.0
2021-03-23,369.7,372.2,366.2,368.43,1320265,359,367.61,371.4,3.7899999999999636,375.8,360.83,2250190.0
2021-03-24,365.94,367.36,350.08,352.11,2089103,360,368.43,369.7,1.2699999999999818,372.2,366.2,1320265.0
2021-03-25,353.8,353.8,341.0,344.37,2167692,361,352.11,365.94,13.829999999999984,367.36,350.08,2089103.0
2021-03-26,350.0,354.0,343.66,349.48,1776133,362,344.37,353.8,9.430000000000007,353.8,341.0,2167692.0
2021-03-30,348.08,354.8,348.08,351.05,1473085,363,349.48,350.0,0.5199999999999818,354.0,343.66,1776133.0
2021-03-31,351.74,354.99,347.0,351.4,1086001,364,351.05,348.08,-2.9700000000000273,354.8,348.08,1473085.0
2021-04-01,352.0,355.89,350.0,350.35,944947,365,351.4,351.74,0.34000000000003183,354.99,347.0,1086001.0
2021-04-05,345.2,347.59,335.48,340.53,1622830,366,350.35,352.0,1.6499999999999773,355.89,350.0,944947.0
2021-04-06,340.53,343.8,336.6,337.71,1011705,367,340.53,345.2,4.670000000000016,347.59,335.48,1622830.0
2021-04-07,336.84,344.28,334.6,341.8,1467086,368,337.71,340.53,2.819999999999993,343.8,336.6,1011705.0
2021-04-08,339.76,347.84,336.0,345.28,1940435,369,341.8,336.84,-4.960000000000036,344.28,334.6,1467086.0
2021-04-09,346.0,350.74,343.0,346.18,1250823,370,345.28,339.76,-5.519999999999982,347.84,336.0,1940435.0
2021-04-12,336.04,339.54,314.69,316.4,2807259,371,346.18,346.0,-0.18000000000000682,350.74,343.0,1250823.0
2021-04-13,316.41,324.6,316.41,322.33,1226264,372,316.4,336.04,19.640000000000043,339.54,314.69,2807259.0
2021-04-15,318.42,326.58,317.8,321.62,1158163,373,322.33,316.41,-5.919999999999959,324.6,316.41,1226264.0
2021-04-16,322.2,327.62,321.2,325.49,968083,374,321.62,318.42,-3.1999999999999886,326.58,317.8,1158163.0
2021-04-19,310.0,324.0,310.0,322.54,1193238,375,325.49,322.2,-3.2900000000000205,327.62,321.2,968083.0
2021-04-20,323.2,329.79,323.2,328.01,1143229,376,322.54,310.0,-12.54000000000002,324.0,310.0,1193238.0
2021-04-22,322.8,336.2,322.8,334.61,988502,377,328.01,323.2,-4.810000000000002,329.79,323.2,1143229.0
2021-04-23,334.0,343.58,332.2,342.4,1629474,378,334.61,322.8,-11.810000000000002,336.2,322.8,988502.0
2021-04-26,344.38,347.85,343.6,346.17,791759,379,342.4,334.0,-8.399999999999977,343.58,332.2,1629474.0
2021-04-27,346.0,360.52,342.93,358.64,2259767,380,346.17,344.38,-1.7900000000000205,347.85,343.6,791759.0
2021-04-28,360.0,363.6,355.0,359.17,1538029,381,358.64,346.0,-12.639999999999986,360.52,342.93,2259767.0
2021-04-29,360.2,363.6,353.06,358.51,1212095,382,359.17,360.0,0.8299999999999841,363.6,355.0,1538029.0
2021-04-30,356.98,361.83,351.55,358.28,756655,383,358.51,360.2,1.6899999999999977,363.6,353.06,1212095.0
2021-05-03,352.2,356.39,350.6,353.11,773316,384,358.28,356.98,-1.2999999999999545,361.83,351.55,756655.0
2021-05-04,357.0,357.81,352.2,354.04,586043,385,353.11,352.2,-0.910000000000025,356.39,350.6,773316.0
2021-05-05,355.0,356.59,343.0,344.73,1215718,386,354.04,357.0,2.9599999999999795,357.81,352.2,586043.0
2021-05-06,347.1,348.8,343.21,345.04,477236,387,344.73,355.0,10.269999999999982,356.59,343.0,1215718.0
2021-05-07,340.0,341.97,336.3,338.68,831099,388,345.04,347.1,2.0600000000000023,348.8,343.21,477236.0
2021-05-10,340.0,351.5,338.19,349.73,1028911,389,338.68,340.0,1.3199999999999932,341.97,336.3,831099.0
2021-05-11,345.0,360.08,344.61,358.46,1297267,390,349.73,340.0,-9.730000000000018,351.5,338.19,1028911.0
2021-05-12,359.8,365.8,346.56,349.32,1627887,391,358.46,345.0,-13.45999999999998,360.08,344.61,1297267.0
2021-05-14,352.0,354.8,346.0,349.53,1171451,392,349.32,359.8,10.480000000000018,365.8,346.56,1627887.0
2021-05-17,352.63,356.2,348.6,352.42,774812,393,349.53,352.0,2.4700000000000273,354.8,346.0,1171451.0
2021-05-18,356.0,368.55,354.05,367.01,1905360,394,352.42,352.63,0.20999999999997954,356.2,348.6,774812.0
2021-05-19,368.8,376.99,368.0,371.62,2098770,395,367.01,356.0,-11.009999999999991,368.55,354.05,1905360.0
2021-05-20,372.4,374.08,364.56,371.13,959830,396,371.62,368.8,-2.819999999999993,376.99,368.0,2098770.0
2021-05-21,372.0,378.94,370.01,372.4,1200153,397,371.13,372.4,1.2699999999999818,374.08,364.56,959830.0
2021-05-24,374.0,380.56,373.48,376.9,1271177,398,372.4,372.0,-0.39999999999997726,378.94,370.01,1200153.0
2021-05-25,380.3,382.8,378.0,381.59,989516,399,376.9,374.0,-2.8999999999999773,380.56,373.48,1271177.0
2021-05-26,384.0,386.01,377.6,378.81,922757,400,381.59,380.3,-1.2899999999999636,382.8,378.0,989516.0
2021-05-27,380.0,388.23,375.2,385.67,2284298,401,378.81,384.0,5.189999999999998,386.01,377.6,922757.0
2021-05-28,385.6,385.67,377.77,379.25,671277,402,385.67,380.0,-5.670000000000016,388.23,375.2,2284298.0
2021-05-31,381.97,383.8,379.43,380.64,497158,403,379.25,385.6,6.350000000000023,385.67,377.77,671277.0
2021-06-01,382.36,384.53,377.6,378.92,419742,404,380.64,381.97,1.330000000000041,383.8,379.43,497158.0
2021-06-02,379.99,385.5,379.05,383.59,576755,405,378.92,382.36,3.4399999999999977,384.53,377.6,419742.0
2021-06-03,385.6,389.72,383.2,384.36,549947,406,383.59,379.99,-3.599999999999966,385.5,379.05,576755.0
2021-06-04,387.4,387.4,382.71,384.34,359621,407,384.36,385.6,1.240000000000009,389.72,383.2,549947.0
2021-06-07,387.8,422.77,385.34,418.96,6144067,408,384.34,387.4,3.0600000000000023,387.4,382.71,359621.0
2021-06-08,426.19,436.8,424.4,428.97,6490285,409,418.96,387.8,-31.159999999999968,422.77,385.34,6144067.0
2021-06-09,432.0,432.6,412.0,414.24,2335741,410,428.97,426.19,-2.7800000000000296,436.8,424.4,6490285.0
2021-06-10,418.7,424.2,410.33,421.27,1795502,411,414.24,432.0,17.75999999999999,432.6,412.0,2335741.0
2021-06-11,423.0,426.4,416.2,418.75,844059,412,421.27,418.7,-2.569999999999993,424.2,410.33,1795502.0
2021-06-14,417.99,418.4,405.0,412.88,1002396,413,418.75,423.0,4.25,426.4,416.2,844059.0
2021-06-15,414.2,427.97,412.4,419.59,1912498,414,412.88,417.99,5.110000000000014,418.4,405.0,1002396.0
2021-06-16,421.89,424.39,415.06,417.99,856943,415,419.59,414.2,-5.389999999999986,427.97,412.4,1912498.0
2021-06-17,414.0,417.79,407.28,410.08,754284,416,417.99,421.89,3.8999999999999773,424.39,415.06,856943.0
2021-06-18,414.05,414.05,395.73,402.34,1304337,417,410.08,414.0,3.920000000000016,417.79,407.28,754284.0
2021-06-21,400.0,418.75,396.23,415.37,1693260,418,402.34,414.05,11.710000000000036,414.05,395.73,1304337.0
2021-06-22,420.0,425.67,415.0,416.6,1285749,419,415.37,400.0,-15.370000000000005,418.75,396.23,1693260.0
2021-06-23,420.4,422.28,414.4,415.65,809624,420,416.6,420.0,3.3999999999999773,425.67,415.0,1285749.0
2021-06-24,419.6,419.6,413.2,414.59,541514,421,415.65,420.4,4.75,422.28,414.4,809624.0
2021-06-25,416.87,417.7,410.62,413.77,475822,422,414.59,419.6,5.010000000000048,419.6,413.2,541514.0
2021-06-28,416.8,422.49,413.68,415.55,707732,423,413.77,416.87,3.1000000000000227,417.7,410.62,475822.0
2021-06-29,418.4,425.38,413.01,416.37,1673477,424,415.55,416.8,1.25,422.49,413.68,707732.0
2021-06-30,412.11,420.75,404.29,406.77,2562914,425,416.37,418.4,2.0299999999999727,425.38,413.01,1673477.0
2021-07-01,409.56,411.77,406.06,406.96,750998,426,406.77,412.11,5.340000000000032,420.75,404.29,2562914.0
2021-07-02,409.6,413.79,407.4,412.11,522059,427,406.96,409.56,2.6000000000000227,411.77,406.06,750998.0
2021-07-05,416.8,439.0,413.63,434.72,3150583,428,412.11,409.6,-2.509999999999991,413.79,407.4,522059.0
2021-07-06,440.0,444.4,432.0,433.78,3840497,429,434.72,416.8,-17.920000000000016,439.0,413.63,3150583.0
2021-07-07,433.78,439.8,432.07,437.69,1005371,430,433.78,440.0,6.220000000000027,444.4,432.0,3840497.0
2021-07-08,439.0,449.6,437.0,438.78,2645206,431,437.69,433.78,-3.910000000000025,439.8,432.07,1005371.0
2021-07-09,438.78,444.8,433.69,441.85,1483111,432,438.78,439.0,0.22000000000002728,449.6,437.0,2645206.0
2021-07-12,445.79,454.38,443.45,452.58,2088571,433,441.85,438.78,-3.07000000000005,444.8,433.69,1483111.0
2021-07-13,454.6,456.79,451.23,454.89,1717447,434,452.58,445.79,-6.789999999999964,454.38,443.45,2088571.0
2021-07-14,456.38,456.38,449.11,453.28,682352,435,454.89,454.6,-0.2899999999999636,456.79,451.23,1717447.0
2021-07-15,453.28,459.42,450.2,453.66,891858,436,453.28,456.38,3.1000000000000227,456.38,449.11,682352.0
2021-07-16,454.8,491.48,453.75,485.33,6928019,437,453.66,453.28,-0.3800000000000523,459.42,450.2,891858.0
2021-07-19,480.98,491.2,477.09,484.9,2359576,438,485.33,454.8,-30.529999999999973,491.48,453.75,6928019.0
2021-07-20,487.2,495.99,474.0,476.13,2488163,439,484.9,480.98,-3.919999999999959,491.2,477.09,2359576.0
2021-07-22,480.8,483.41,468.4,473.03,1349303,440,476.13,487.2,11.069999999999993,495.99,474.0,2488163.0
2021-07-23,473.98,476.49,463.2,465.07,1048692,441,473.03,480.8,7.770000000000039,483.41,468.4,1349303.0
2021-07-26,466.9,473.0,460.41,462.66,1306299,442,465.07,473.98,8.910000000000025,476.49,463.2,1048692.0
2021-07-27,465.59,469.4,456.2,459.11,926459,443,462.66,466.9,4.239999999999952,473.0,460.41,1306299.0
2021-07-28,461.0,463.0,452.57,456.73,715806,444,459.11,465.59,6.479999999999961,469.4,456.2,926459.0
2021-07-29,457.56,468.7,457.2,464.22,892458,445,456.73,461.0,4.269999999999982,463.0,452.57,715806.0
2021-07-30,464.8,472.4,460.0,466.26,871483,446,464.22,457.56,-6.660000000000025,468.7,457.2,892458.0
2021-08-02,493.8,502.6,484.47,493.78,7333311,447,466.26,464.8,-1.4599999999999795,472.4,460.0,871483.0
2021-08-03,496.25,499.5,489.0,493.57,1719629,448,493.78,493.8,0.020000000000038654,502.6,484.47,7333311.0
2021-08-04,496.0,507.0,493.13,498.23,2302562,449,493.57,496.25,2.680000000000007,499.5,489.0,1719629.0
2021-08-05,500.2,504.4,493.06,494.58,1415170,450,498.23,496.0,-2.230000000000018,507.0,493.13,2302562.0
2021-08-06,497.0,500.92,494.78,497.52,710663,451,494.58,500.2,5.6200000000000045,504.4,493.06,1415170.0
2021-08-09,500.08,536.0,499.47,529.64,5434449,452,497.52,497.0,-0.5199999999999818,500.92,494.78,710663.0
2021-08-10,533.0,545.0,524.0,527.92,4543676,453,529.64,500.08,-29.560000000000002,536.0,499.47,5434449.0
2021-08-11,531.39,534.37,505.6,514.45,2973184,454,527.92,533.0,5.080000000000041,545.0,524.0,4543676.0
2021-08-12,518.79,545.77,514.45,537.96,6068398,455,514.45,531.39,16.93999999999994,534.37,505.6,2973184.0
2021-08-13,542.86,542.86,527.6,532.14,2337717,456,537.96,518.79,-19.170000000000073,545.77,514.45,6068398.0
2021-08-16,534.76,534.76,522.4,525.92,991262,457,532.14,542.86,10.720000000000027,542.86,527.6,2337717.0
2021-08-17,526.0,539.0,523.0,533.92,1650724,458,525.92,534.76,8.840000000000032,534.76,522.4,991262.0
2021-08-18,536.55,550.0,534.65,543.81,2725954,459,533.92,526.0,-7.919999999999959,539.0,523.0,1650724.0
2021-08-20,540.0,542.6,522.2,529.26,1656007,460,543.81,536.55,-7.259999999999991,550.0,534.65,2725954.0
2021-08-23,533.0,536.99,507.11,510.82,1711982,461,529.26,540.0,10.740000000000009,542.6,522.2,1656007.0
2021-08-24,514.0,522.31,508.0,512.96,1399276,462,510.82,533.0,22.180000000000007,536.99,507.11,1711982.0
2021-08-25,515.38,530.7,514.15,527.3,2516531,463,512.96,514.0,1.0399999999999636,522.31,508.0,1399276.0
2021-08-26,529.59,532.78,523.0,524.34,1401991,464,527.3,515.38,-11.919999999999959,530.7,514.15,2516531.0
2021-08-27,525.0,531.36,521.0,529.74,893221,465,524.34,529.59,5.25,532.78,523.0,1401991.0
2021-08-30,533.6,542.6,531.8,539.55,1328435,466,529.74,525.0,-4.740000000000009,531.36,521.0,893221.0
2021-08-31,542.2,551.9,540.2,550.4,2050223,467,539.55,533.6,-5.949999999999932,542.6,531.8,1328435.0
2021-09-01,551.0,553.08,543.6,549.25,914965,468,550.4,542.2,-8.199999999999932,551.9,540.2,2050223.0
2021-09-02,549.2,571.6,548.6,565.99,2462818,469,549.25,551.0,1.75,553.08,543.6,914965.0
2021-09-03,568.8,579.46,565.3,573.98,1751547,470,565.99,549.2,-16.789999999999964,571.6,548.6,2462818.0
2021-09-06,577.12,608.0,575.83,601.68,5060514,471,573.98,568.8,-5.180000000000064,579.46,565.3,1751547.0
2021-09-07,610.0,661.0,609.07,657.38,11555311,472,601.68,577.12,-24.559999999999945,608.0,575.83,5060514.0
2021-09-08,666.0,684.53,653.11,659.28,8872794,473,657.38,610.0,-47.379999999999995,661.0,609.07,11555311.0
2021-09-09,650.0,671.6,636.45,659.0,5665215,474,659.28,666.0,6.720000000000027,684.53,653.11,8872794.0
2021-09-13,663.0,690.14,662.0,687.15,4778463,475,659.0,650.0,-9.0,671.6,636.45,5665215.0
2021-09-14,697.4,751.76,695.2,747.69,11821825,476,687.15,663.0,-24.149999999999977,690.14,662.0,4778463.0
2021-09-15,758.8,787.98,730.45,736.45,8556280,477,747.69,697.4,-50.29000000000008,751.76,695.2,11821825.0
2021-09-16,748.96,759.75,736.45,753.94,3602211,478,736.45,758.8,22.34999999999991,787.98,730.45,8556280.0
2021-09-17,764.0,803.94,758.14,772.68,12324159,479,753.94,748.96,-4.980000000000018,759.75,736.45,3602211.0
2021-09-20,769.76,769.76,736.04,741.58,4695511,480,772.68,764.0,-8.67999999999995,803.94,758.14,12324159.0
2021-09-21,745.73,769.96,710.0,724.91,5303431,481,741.58,769.76,28.17999999999995,769.76,736.04,4695511.0
2021-09-22,734.8,750.0,728.1,734.26,2908094,482,724.91,745.73,20.82000000000005,769.96,710.0,5303431.0
2021-09-23,748.8,751.8,736.0,738.81,1430787,483,734.26,734.8,0.5399999999999636,750.0,728.1,2908094.0
2021-09-24,744.0,747.2,728.0,737.85,1539638,484,738.81,748.8,9.990000000000009,751.8,736.0,1430787.0
2021-09-27,747.02,773.0,740.2,766.98,3722464,485,737.85,744.0,6.149999999999977,747.2,728.0,1539638.0
2021-09-28,779.0,795.0,756.4,773.12,6577314,486,766.98,747.02,-19.960000000000036,773.0,740.2,3722464.0
2021-09-29,771.78,771.78,751.11,754.03,2579151,487,773.12,779.0,5.8799999999999955,795.0,756.4,6577314.0
2021-09-30,764.0,776.0,755.44,759.7,2924892,488,754.03,771.78,17.75,771.78,751.11,2579151.0
2021-10-01,755.4,764.2,746.63,758.72,1599816,489,759.7,764.0,4.2999999999999545,776.0,755.44,2924892.0
2021-10-04,762.52,812.97,761.68,801.78,5278868,490,758.72,755.4,-3.32000000000005,764.2,746.63,1599816.0
2021-10-05,817.0,841.68,801.0,833.22,7369295,491,801.78,762.52,-39.25999999999999,812.97,761.68,5278868.0
2021-10-06,839.8,902.0,836.0,892.67,11716236,492,833.22,817.0,-16.220000000000027,841.68,801.0,7369295.0
2021-10-07,919.6,953.79,905.01,938.18,8645520,493,892.67,839.8,-52.870000000000005,902.0,836.0,11716236.0
2021-10-08,964.8,992.84,944.22,975.31,12273462,494,938.18,919.6,-18.579999999999927,953.79,905.01,8645520.0
2021-10-11,980.98,985.7,950.0,954.51,6014937,495,975.31,964.8,-10.509999999999991,992.84,944.22,12273462.0
2021-10-12,953.0,975.4,945.0,963.45,3279400,496,954.51,980.98,26.470000000000027,985.7,950.0,6014937.0
2021-10-13,970.2,992.0,966.25,985.76,3242132,497,963.45,953.0,-10.450000000000045,975.4,945.0,3279400.0
2021-10-14,1000.8,1118.8,998.0,1092.71,14235420,498,985.76,970.2,-15.559999999999945,992.0,966.25,3242132.0
2021-10-18,1118.8,1193.4,1115.01,1175.54,7938916,499,1092.71,1000.8,-91.91000000000008,1118.8,998.0,14235420.0
2021-10-19,1235.0,1279.26,999.21,1090.97,14861150,500,1175.54,1118.8,-56.74000000000001,1193.4,1115.01,7938916.0
2021-10-20,981.88,999.96,875.46,886.87,19666785,501,1090.97,1235.0,144.02999999999997,1279.26,999.21,14861150.0
2021-10-21,888.14,950.0,882.82,914.65,9272239,502,886.87,981.88,95.00999999999999,999.96,875.46,19666785.0
2021-10-22,925.6,936.0,890.01,924.51,5604504,503,914.65,888.14,-26.50999999999999,950.0,882.82,9272239.0
2021-10-25,937.0,937.0,792.22,804.47,7773301,504,924.51,925.6,1.0900000000000318,936.0,890.01,5604504.0
2021-10-26,813.6,880.0,810.2,837.9,8202241,505,804.47,937.0,132.52999999999997,937.0,792.22,7773301.0
2021-10-27,850.1,866.96,806.75,826.03,5358793,506,837.9,813.6,-24.299999999999955,880.0,810.2,8202241.0
2021-10-28,817.0,983.0,810.0,913.5,59298778,507,826.03,850.1,24.07000000000005,866.96,806.75,5358793.0
2021-10-29,822.15,906.45,639.45,845.7,82848030,508,913.5,817.0,-96.5,983.0,810.0,59298778.0
2021-11-01,874.2,885.0,809.25,855.45,29989312,509,845.7,822.15,-23.550000000000068,906.45,639.45,82848030.0
2021-11-02,868.4,868.8,844.25,848.2,9742650,510,855.45,874.2,18.75,885.0,809.25,29989312.0
2021-11-03,840.0,848.9,815.1,819.85,10088006,511,848.2,868.4,20.199999999999932,868.8,844.25,9742650.0
2021-11-04,828.25,828.25,820.0,822.25,2229843,512,819.85,840.0,20.149999999999977,848.9,815.1,10088006.0
2021-11-08,819.0,840.0,779.85,832.85,11974709,513,822.25,828.25,6.0,828.25,820.0,2229843.0
2021-11-09,835.0,858.0,834.0,856.0,9656004,514,832.85,819.0,-13.850000000000023,840.0,779.85,11974709.0
2021-11-10,856.0,866.0,847.0,849.85,6275409,515,856.0,835.0,-21.0,858.0,834.0,9656004.0
2021-11-11,849.0,856.0,835.0,847.3,4924717,516,849.85,856.0,6.149999999999977,866.0,847.0,6275409.0
2021-11-12,853.0,876.0,847.0,864.85,9255302,517,847.3,849.0,1.7000000000000455,856.0,835.0,4924717.0
2021-11-15,877.95,923.0,869.0,903.4,21402501,518,864.85,853.0,-11.850000000000023,876.0,847.0,9255302.0
2021-11-16,915.8,929.0,911.35,921.05,9298944,519,903.4,877.95,-25.449999999999932,923.0,869.0,21402501.0
2021-11-17,925.0,928.7,900.1,903.6,7189458,520,921.05,915.8,-5.25,929.0,911.35,9298944.0
2021-11-18,903.5,905.9,871.1,890.65,7714073,521,903.6,925.0,21.399999999999977,928.7,900.1,7189458.0
2021-11-22,912.0,919.7,872.35,886.75,11376478,522,890.65,903.5,12.850000000000023,905.9,871.1,7714073.0
2021-11-23,877.0,897.6,872.6,892.8,6078636,523,886.75,912.0,25.25,919.7,872.35,11376478.0
2021-11-24,898.0,901.7,853.1,862.8,7679846,524,892.8,877.0,-15.799999999999955,897.6,872.6,6078636.0
2021-11-25,863.0,874.5,835.65,865.55,9169669,525,862.8,898.0,35.200000000000045,901.7,853.1,7679846.0
2021-11-26,849.0,854.95,820.0,823.05,10211011,526,865.55,863.0,-2.5499999999999545,874.5,835.65,9169669.0
2021-11-29,786.0,801.0,750.55,775.8,13888743,527,823.05,849.0,25.950000000000045,854.95,820.0,10211011.0
2021-11-30,790.3,819.9,787.6,795.15,37176726,528,775.8,786.0,10.200000000000045,801.0,750.55,13888743.0
2021-12-01,809.0,817.0,796.35,811.95,6448797,529,795.15,790.3,-4.850000000000023,819.9,787.6,37176726.0
2021-12-02,815.25,825.0,803.0,821.25,4869021,530,811.95,809.0,-2.9500000000000455,817.0,796.35,6448797.0
2021-12-03,819.0,831.45,810.0,819.9,4777395,531,821.25,815.25,-6.0,825.0,803.0,4869021.0
2021-12-06,815.0,819.5,798.2,801.4,4473930,532,819.9,819.0,-0.8999999999999773,831.45,810.0,4777395.0
2021-12-07,809.95,829.8,807.0,823.05,4528051,533,801.4,815.0,13.600000000000023,819.5,798.2,4473930.0
2021-12-08,830.5,856.7,829.05,851.4,7190775,534,823.05,809.95,-13.099999999999909,829.8,807.0,4528051.0
2021-12-09,856.0,863.0,841.55,856.85,5118754,535,851.4,830.5,-20.899999999999977,856.7,829.05,7190775.0
2021-12-10,851.0,869.95,850.0,857.95,4358630,536,856.85,856.0,-0.8500000000000227,863.0,841.55,5118754.0
2021-12-13,862.5,878.2,856.25,858.7,4485978,537,857.95,851.0,-6.9500000000000455,869.95,850.0,4358630.0
2021-12-14,860.0,860.0,843.0,855.05,3374432,538,858.7,862.5,3.7999999999999545,878.2,856.25,4485978.0
2021-12-15,851.2,867.4,848.0,851.2,2762485,539,855.05,860.0,4.9500000000000455,860.0,843.0,3374432.0
2021-12-16,857.05,860.8,841.35,852.15,2918474,540,851.2,851.2,0.0,867.4,848.0,2762485.0
2021-12-17,850.0,851.9,825.45,832.4,4227183,541,852.15,857.05,4.899999999999977,860.8,841.35,2918474.0
2021-12-20,807.0,825.7,780.7,794.1,7418777,542,832.4,850.0,17.600000000000023,851.9,825.45,4227183.0
2021-12-21,805.0,818.85,800.0,814.75,3613582,543,794.1,807.0,12.899999999999977,825.7,780.7,7418777.0
2021-12-22,820.0,842.6,819.0,839.75,3721795,544,814.75,805.0,-9.75,818.85,800.0,3613582.0
2021-12-23,846.7,847.35,834.2,841.35,2917612,545,839.75,820.0,-19.75,842.6,819.0,3721795.0
2021-12-24,841.0,842.8,828.5,837.2,2502607,546,841.35,846.7,5.350000000000023,847.35,834.2,2917612.0
2021-12-27,823.0,840.0,823.0,839.0,2640676,547,837.2,841.0,3.7999999999999545,842.8,828.5,2502607.0
2021-12-28,840.7,876.6,840.55,863.5,8220616,548,839.0,823.0,-16.0,840.0,823.0,2640676.0
2021-12-29,859.45,864.0,847.0,849.35,3670117,549,863.5,840.7,-22.799999999999955,876.6,840.55,8220616.0
2021-12-30,846.7,847.8,831.1,833.0,3488161,550,849.35,859.45,10.100000000000023,864.0,847.0,3670117.0
2021-12-31,834.9,840.0,829.15,831.75,2712460,551,833.0,846.7,13.700000000000045,847.8,831.1,3488161.0
2022-01-03,831.9,850.0,830.35,845.65,3501695,552,831.75,834.9,3.1499999999999773,840.0,829.15,2712460.0
2022-01-04,850.0,853.7,843.3,848.05,2496924,553,845.65,831.9,-13.75,850.0,830.35,3501695.0
2022-01-05,845.0,847.1,828.0,840.6,3312721,554,848.05,850.0,1.9500000000000455,853.7,843.3,2496924.0
2022-01-06,825.0,847.9,825.0,843.25,2842824,555,840.6,845.0,4.399999999999977,847.1,828.0,3312721.0
2022-01-07,843.25,888.0,842.45,860.95,12254034,556,843.25,825.0,-18.25,847.9,825.0,2842824.0
2022-01-10,862.5,878.75,862.5,873.45,4778546,557,860.95,843.25,-17.700000000000045,888.0,842.45,12254034.0
2022-01-11,875.0,883.0,859.15,862.4,3257687,558,873.45,862.5,-10.950000000000045,878.75,862.5,4778546.0
2022-01-12,868.8,869.4,848.25,861.25,3419540,559,862.4,875.0,12.600000000000023,883.0,859.15,3257687.0
2022-01-13,861.25,874.0,853.05,868.15,3384510,560,861.25,868.8,7.5499999999999545,869.4,848.25,3419540.0
2022-01-14,863.9,908.0,856.7,902.7,14072932,561,868.15,861.25,-6.899999999999977,874.0,853.05,3384510.0
2022-01-17,910.0,918.65,891.25,897.35,6834869,562,902.7,863.9,-38.80000000000007,908.0,856.7,14072932.0
2022-01-18,899.9,904.2,855.9,861.1,5857768,563,897.35,910.0,12.649999999999977,918.65,891.25,6834869.0
2022-01-19,863.5,877.95,850.3,875.95,4437914,564,861.1,899.9,38.799999999999955,904.2,855.9,5857768.0
2022-01-20,875.75,885.0,865.65,880.4,3262969,565,875.95,863.5,-12.450000000000045,877.95,850.3,4437914.0
2022-01-21,873.0,881.0,855.0,861.7,3915909,566,880.4,875.75,-4.649999999999977,885.0,865.65,3262969.0
2022-01-24,859.5,860.15,805.0,809.8,7654105,567,861.7,873.0,11.299999999999955,881.0,855.0,3915909.0
2022-01-25,809.0,833.0,784.8,829.9,5090144,568,809.8,859.5,49.700000000000045,860.15,805.0,7654105.0
2022-01-27,818.6,824.4,803.0,813.8,4740612,569,829.9,809.0,-20.899999999999977,833.0,784.8,5090144.0
2022-01-28,825.75,860.0,817.0,844.6,5541007,570,813.8,818.6,4.800000000000068,824.4,803.0,4740612.0
2022-01-31,855.0,880.95,849.6,868.0,4650001,571,844.6,825.75,-18.850000000000023,860.0,817.0,5541007.0
2022-02-01,894.6,899.9,848.6,856.9,11012459,572,868.0,855.0,-13.0,880.95,849.6,4650001.0
2022-02-02,863.0,868.0,857.0,860.9,2531086,573,856.9,894.6,37.700000000000045,899.9,848.6,11012459.0
2022-02-03,860.5,871.85,857.0,860.65,2603770,574,860.9,863.0,2.1000000000000227,868.0,857.0,2531086.0
2022-02-04,861.0,865.5,851.25,855.75,2105561,575,860.65,860.5,-0.14999999999997726,871.85,857.0,2603770.0
2022-02-07,858.75,868.55,830.0,835.6,4119747,576,855.75,861.0,5.25,865.5,851.25,2105561.0
2022-02-08,842.5,848.6,821.5,838.05,3851680,577,835.6,858.75,23.149999999999977,868.55,830.0,4119747.0
2022-02-09,859.0,868.4,845.1,849.95,6791815,578,838.05,842.5,4.4500000000000455,848.6,821.5,3851680.0
2022-02-10,855.0,855.15,840.3,845.9,2569073,579,849.95,859.0,9.049999999999955,868.4,845.1,6791815.0
2022-02-11,835.5,841.95,825.0,830.75,2582020,580,845.9,855.0,9.100000000000023,855.15,840.3,2569073.0
2022-02-14,819.5,819.95,792.35,798.35,4917765,581,830.75,835.5,4.75,841.95,825.0,2582020.0
2022-02-15,805.0,823.0,791.5,820.5,4358562,582,798.35,819.5,21.149999999999977,819.95,792.35,4917765.0
2022-02-16,830.8,838.0,820.2,825.0,2883449,583,820.5,805.0,-15.5,823.0,791.5,4358562.0
2022-02-17,829.95,834.0,820.0,821.85,2350333,584,825.0,830.8,5.7999999999999545,838.0,820.2,2883449.0
2022-02-18,818.0,827.3,813.05,816.35,1905006,585,821.85,829.95,8.100000000000023,834.0,820.0,2350333.0
2022-02-21,810.0,816.0,796.0,803.4,3000870,586,816.35,818.0,1.6499999999999773,827.3,813.05,1905006.0
2022-02-22,781.0,799.35,780.0,789.6,4301060,587,803.4,810.0,6.600000000000023,816.0,796.0,3000870.0
2022-02-23,799.9,819.0,795.0,814.35,4772916,588,789.6,781.0,-8.600000000000023,799.35,780.0,4301060.0
2022-02-24,775.0,794.35,735.0,738.05,10021435,589,814.35,799.9,-14.450000000000045,819.0,795.0,4772916.0
2022-02-25,770.0,803.5,768.0,800.0,7097351,590,738.05,775.0,36.950000000000045,794.35,735.0,10021435.0
2022-02-28,780.3,812.0,780.2,809.35,4654745,591,800.0,770.0,-30.0,803.5,768.0,7097351.0
2022-03-02,795.0,815.8,795.0,808.8,3010826,592,809.35,780.3,-29.050000000000068,812.0,780.2,4654745.0
2022-03-03,822.0,822.0,796.85,799.65,2962409,593,808.8,795.0,-13.799999999999955,815.8,795.0,3010826.0
2022-03-04,780.0,780.2,730.0,747.25,15395743,594,799.65,822.0,22.350000000000023,822.0,796.85,2962409.0
2022-03-07,740.0,740.0,708.4,718.0,6257302,595,747.25,780.0,32.75,780.2,730.0,15395743.0
2022-03-08,718.0,728.95,709.05,718.05,4872109,596,718.0,740.0,22.0,740.0,708.4,6257302.0
2022-03-09,730.95,738.6,719.05,735.05,4485413,597,718.05,718.0,-0.049999999999954525,728.95,709.05,4872109.0
2022-03-10,762.0,772.0,750.0,758.1,5542997,598,735.05,730.95,-4.099999999999909,738.6,719.05,4485413.0
2022-03-11,754.3,765.0,748.0,757.75,2461743,599,758.1,762.0,3.8999999999999773,772.0,750.0,5542997.0
2022-03-14,743.0,762.85,738.55,752.85,3574348,600,757.75,754.3,-3.4500000000000455,765.0,748.0,2461743.0
2022-03-15,759.0,769.9,751.05,756.4,3053279,601,752.85,743.0,-9.850000000000023,762.85,738.55,3574348.0
2022-03-16,768.0,773.6,764.4,768.25,2456680,602,756.4,759.0,2.6000000000000227,769.9,751.05,3053279.0
2022-03-17,776.25,779.6,767.15,770.45,2471381,603,768.25,768.0,-0.25,773.6,764.4,2456680.0
2022-03-21,773.05,782.7,768.0,770.75,2165538,604,770.45,776.25,5.7999999999999545,779.6,767.15,2471381.0
2022-03-22,774.0,774.0,752.1,765.8,2670547,605,770.75,773.05,2.2999999999999545,782.7,768.0,2165538.0
2022-03-23,772.0,785.6,763.0,766.45,3000265,606,765.8,774.0,8.200000000000045,774.0,752.1,2670547.0
2022-03-24,766.4,779.4,760.3,772.5,1803315,607,766.45,772.0,5.5499999999999545,785.6,763.0,3000265.0
2022-03-25,779.0,779.25,768.0,770.05,1756340,608,772.5,766.4,-6.100000000000023,779.4,760.3,1803315.0
2022-03-28,771.0,776.95,758.6,766.25,2500762,609,770.05,779.0,8.950000000000045,779.25,768.0,1756340.0
2022-03-29,769.0,775.75,766.0,767.6,2496305,610,766.25,771.0,4.75,776.95,758.6,2500762.0
2022-03-30,773.0,795.0,769.0,789.55,5002096,611,767.6,769.0,1.3999999999999773,775.75,766.0,2496305.0
2022-03-31,791.05,792.75,773.0,774.7,2496423,612,789.55,773.0,-16.549999999999955,795.0,769.0,5002096.0
2022-04-01,777.0,802.65,775.55,798.2,4160527,613,774.7,791.05,16.34999999999991,792.75,773.0,2496423.0
2022-04-04,803.95,837.7,803.0,832.7,5650502,614,798.2,777.0,-21.200000000000045,802.65,775.55,4160527.0
2022-04-05,840.85,840.95,819.45,822.35,3480544,615,832.7,803.95,-28.75,837.7,803.0,5650502.0
2022-04-06,820.0,828.95,787.75,791.95,5400080,616,822.35,840.85,18.5,840.95,819.45,3480544.0
2022-04-07,795.85,801.0,784.0,787.75,3337181,617,791.95,820.0,28.049999999999955,828.95,787.75,5400080.0
2022-04-08,791.85,799.8,789.05,790.35,1715933,618,787.75,795.85,8.100000000000023,801.0,784.0,3337181.0
2022-04-11,790.35,809.0,790.35,801.4,2482781,619,790.35,791.85,1.5,799.8,789.05,1715933.0
2022-04-12,801.4,801.95,776.4,783.6,2743228,620,801.4,790.35,-11.049999999999955,809.0,790.35,2482781.0
2022-04-13,790.0,793.7,778.0,780.3,1501647,621,783.6,801.4,17.799999999999955,801.95,776.4,2743228.0
2022-04-18,778.0,778.0,757.3,767.2,2339997,622,780.3,790.0,9.700000000000045,793.7,778.0,1501647.0
2022-04-19,771.05,778.0,745.3,752.75,2121322,623,767.2,778.0,10.799999999999955,778.0,757.3,2339997.0
2022-04-20,755.0,761.5,742.85,747.6,2149320,624,752.75,771.05,18.299999999999955,778.0,745.3,2121322.0
2022-04-21,757.8,761.3,751.15,759.65,1365751,625,747.6,755.0,7.399999999999977,761.5,742.85,2149320.0
2022-04-22,751.25,766.0,751.0,755.2,1361764,626,759.65,757.8,-1.8500000000000227,761.3,751.15,1365751.0
2022-04-25,745.0,754.45,740.0,745.6,1579619,627,755.2,751.25,-3.9500000000000455,766.0,751.0,1361764.0
2022-04-26,749.0,762.8,749.0,761.05,1581369,628,745.6,745.0,-0.6000000000000227,754.45,740.0,1579619.0
2022-04-27,755.0,758.55,742.1,748.5,1666186,629,761.05,749.0,-12.049999999999955,762.8,749.0,1581369.0
2022-04-28,756.7,761.0,744.1,757.4,1902979,630,748.5,755.0,6.5,758.55,742.1,1666186.0
2022-04-29,759.95,766.65,745.0,745.95,1428538,631,757.4,756.7,-0.6999999999999318,761.0,744.1,1902979.0
2022-05-02,740.0,742.7,730.15,737.5,1299170,632,745.95,759.95,14.0,766.65,745.0,1428538.0
2022-05-04,740.0,744.7,719.15,721.65,1654040,633,737.5,740.0,2.5,742.7,730.15,1299170.0
2022-05-05,729.95,732.6,714.2,717.2,1245236,634,721.65,740.0,18.350000000000023,744.7,719.15,1654040.0
2022-05-06,710.0,710.95,700.0,704.55,2164692,635,717.2,729.95,12.75,732.6,714.2,1245236.0
2022-05-09,699.0,702.45,684.25,690.75,1879751,636,704.55,710.0,5.4500000000000455,710.95,700.0,2164692.0
2022-05-10,688.75,698.8,675.0,678.75,1497882,637,690.75,699.0,8.25,702.45,684.25,1879751.0
2022-05-11,678.9,688.0,643.65,657.1,2586387,638,678.75,688.75,10.0,698.8,675.0,1497882.0
2022-05-12,653.0,653.0,618.0,620.65,3756193,639,657.1,678.9,21.799999999999955,688.0,643.65,2586387.0
2022-05-13,626.0,661.0,626.0,651.8,3683558,640,620.65,653.0,32.35000000000002,653.0,618.0,3756193.0
2022-05-16,657.85,659.85,639.55,653.75,2251248,641,651.8,626.0,-25.799999999999955,661.0,626.0,3683558.0
2022-05-17,655.45,687.0,650.55,683.15,2795767,642,653.75,657.85,4.100000000000023,659.85,639.55,2251248.0
2022-05-18,686.2,692.65,668.6,671.75,2385266,643,683.15,655.45,-27.699999999999932,687.0,650.55,2795767.0
2022-05-19,644.0,661.45,644.0,654.85,2189389,644,671.75,686.2,14.450000000000045,692.65,668.6,2385266.0
2022-05-20,670.0,670.0,656.0,662.25,1380474,645,654.85,644.0,-10.850000000000023,661.45,644.0,2189389.0
2022-05-23,665.0,676.4,651.55,653.25,2459723,646,662.25,670.0,7.75,670.0,656.0,1380474.0
2022-05-24,659.65,659.65,639.0,651.15,2143475,647,653.25,665.0,11.75,676.4,651.55,2459723.0
2022-05-25,655.0,658.25,637.0,647.45,2333806,648,651.15,659.65,8.5,659.65,639.0,2143475.0
2022-05-26,648.0,652.0,625.25,639.4,2987486,649,647.45,655.0,7.5499999999999545,658.25,637.0,2333806.0
2022-05-27,649.0,665.0,648.0,652.45,2191764,650,639.4,648.0,8.600000000000023,652.0,625.25,2987486.0
2022-05-30,663.5,713.0,662.85,695.1,7812575,651,652.45,649.0,-3.4500000000000455,665.0,648.0,2191764.0
2022-05-31,705.0,711.0,677.35,692.65,8925215,652,695.1,663.5,-31.600000000000023,713.0,662.85,7812575.0
2022-06-01,692.65,698.85,685.05,687.8,2016185,653,692.65,705.0,12.350000000000023,711.0,677.35,8925215.0
2022-06-02,687.0,692.1,671.6,673.1,2332416,654,687.8,692.65,4.850000000000023,698.85,685.05,2016185.0
2022-06-03,681.0,685.0,664.3,665.4,2642554,655,673.1,687.0,13.899999999999977,692.1,671.6,2332416.0
2022-06-06,665.0,665.0,648.15,657.9,1819887,656,665.4,681.0,15.600000000000023,685.0,664.3,2642554.0
2022-06-07,657.0,665.0,650.0,654.7,1587641,657,657.9,665.0,7.100000000000023,665.0,648.15,1819887.0
2022-06-08,654.7,663.3,645.0,647.6,1797454,658,654.7,657.0,2.2999999999999545,665.0,650.0,1587641.0
2022-06-09,644.45,651.9,641.45,649.5,1149323,659,647.6,654.7,7.100000000000023,663.3,645.0,1797454.0
2022-06-10,642.0,649.8,641.15,644.65,982264,660,649.5,644.45,-5.0499999999999545,651.9,641.45,1149323.0
2022-06-13,635.0,635.0,621.7,626.65,2000311,661,644.65,642.0,-2.6499999999999773,649.8,641.15,982264.0
2022-06-14,624.0,635.0,619.5,623.2,1952853,662,626.65,635.0,8.350000000000023,635.0,621.7,2000311.0
2022-06-15,624.95,632.45,622.2,623.35,971460,663,623.2,624.0,0.7999999999999545,635.0,619.5,1952853.0
2022-06-16,633.6,633.95,597.2,600.1,2867076,664,623.35,624.95,1.6000000000000227,632.45,622.2,971460.0
2022-06-17,599.0,601.05,581.45,594.35,3552167,665,600.1,633.6,33.5,633.95,597.2,2867076.0
2022-06-20,590.0,597.9,568.45,574.25,2426937,666,594.35,599.0,4.649999999999977,601.05,581.45,3552167.0
2022-06-21,578.0,603.0,574.05,599.85,3366401,667,574.25,590.0,15.75,597.9,568.45,2426937.0
2022-06-22,597.7,597.7,584.15,589.8,1686383,668,599.85,578.0,-21.850000000000023,603.0,574.05,3366401.0
2022-06-23,589.8,595.8,581.9,589.5,2026544,669,589.8,597.7,7.900000000000091,597.7,584.15,1686383.0
2022-06-24,592.05,599.95,590.6,596.5,1938626,670,589.5,589.8,0.2999999999999545,595.8,581.9,2026544.0
2022-06-27,605.05,615.0,602.5,613.0,2296044,671,596.5,592.05,-4.4500000000000455,599.95,590.6,1938626.0
2022-06-28,610.55,623.5,603.8,620.05,2017990,672,613.0,605.05,-7.9500000000000455,615.0,602.5,2296044.0
2022-06-29,612.0,614.95,597.0,601.15,2143251,673,620.05,610.55,-9.5,623.5,603.8,2017990.0
2022-06-30,601.15,603.9,575.0,576.2,3232913,674,601.15,612.0,10.850000000000023,614.95,597.0,2143251.0
2022-07-01,576.2,585.8,575.7,579.2,1928361,675,576.2,601.15,24.949999999999932,603.9,575.0,3232913.0
2022-07-04,581.5,586.5,572.0,575.4,1698911,676,579.2,576.2,-3.0,585.8,575.7,1928361.0
2022-07-05,579.0,583.8,570.0,570.85,1576894,677,575.4,581.5,6.100000000000023,586.5,572.0,1698911.0
2022-07-06,570.85,579.15,557.0,577.3,2751283,678,570.85,579.0,8.149999999999977,583.8,570.0,1576894.0
2022-07-07,584.3,588.0,578.1,582.65,2197534,679,577.3,570.85,-6.449999999999932,579.15,557.0,2751283.0
2022-07-08,586.0,591.0,583.4,589.0,1642440,680,582.65,584.3,1.6499999999999773,588.0,578.1,2197534.0
2022-07-11,587.6,594.65,583.75,592.9,1443087,681,589.0,586.0,-3.0,591.0,583.4,1642440.0
2022-07-12,589.0,601.2,582.35,590.25,1990023,682,592.9,587.6,-5.2999999999999545,594.65,583.75,1443087.0
2022-07-13,593.0,605.6,591.3,592.8,2991446,683,590.25,589.0,-1.25,601.2,582.35,1990023.0
2022-07-14,594.95,597.85,581.0,585.7,1831386,684,592.8,593.0,0.20000000000004547,605.6,591.3,2991446.0
2022-07-15,589.0,594.4,586.1,591.25,1140354,685,585.7,594.95,9.25,597.85,581.0,1831386.0
2022-07-18,595.8,605.0,595.25,604.0,2221750,686,591.25,589.0,-2.25,594.4,586.1,1140354.0
2022-07-19,600.0,611.5,599.0,607.75,2129099,687,604.0,595.8,-8.200000000000045,605.0,595.25,2221750.0
2022-07-20,615.95,617.4,606.45,608.15,1599889,688,607.75,600.0,-7.75,611.5,599.0,2129099.0
2022-07-21,608.0,612.9,603.15,607.85,1622641,689,608.15,615.95,7.800000000000068,617.4,606.45,1599889.0
2022-07-22,610.65,616.8,607.05,609.75,1465991,690,607.85,608.0,0.14999999999997726,612.9,603.15,1622641.0
2022-07-25,609.3,610.8,596.05,599.3,1288536,691,609.75,610.65,0.8999999999999773,616.8,607.05,1465991.0
2022-07-26,597.6,598.9,591.0,596.05,1549042,692,599.3,609.3,10.0,610.8,596.05,1288536.0
2022-07-27,593.0,602.25,588.8,600.95,1176622,693,596.05,597.6,1.5500000000000682,598.9,591.0,1549042.0
2022-07-28,604.1,606.85,598.1,602.5,1600700,694,600.95,593.0,-7.9500000000000455,602.25,588.8,1176622.0
2022-07-29,606.0,640.0,605.2,637.1,6964646,695,602.5,604.1,1.6000000000000227,606.85,598.1,1600700.0
2022-08-01,646.35,647.9,632.75,641.9,3068787,696,637.1,606.0,-31.100000000000023,640.0,605.2,6964646.0
2022-08-02,639.5,654.9,632.0,647.95,3211110,697,641.9,646.35,4.4500000000000455,647.9,632.75,3068787.0
2022-08-03,645.35,648.65,635.0,642.15,1638012,698,647.95,639.5,-8.450000000000045,654.9,632.0,3211110.0
2022-08-04,645.0,649.4,631.05,639.0,1794443,699,642.15,645.35,3.2000000000000455,648.65,635.0,1638012.0
2022-08-05,640.65,647.2,637.8,642.35,1225071,700,639.0,645.0,6.0,649.4,631.05,1794443.0
2022-08-08,643.0,661.0,642.4,658.5,3886443,701,642.35,640.65,-1.7000000000000455,647.2,637.8,1225071.0
2022-08-10,663.25,677.5,654.2,673.15,5461816,702,658.5,643.0,-15.5,661.0,642.4,3886443.0
2022-08-11,688.0,691.35,652.3,670.1,8853819,703,673.15,663.25,-9.899999999999977,677.5,654.2,5461816.0
2022-08-12,670.2,684.95,663.7,666.45,4080911,704,670.1,688.0,17.899999999999977,691.35,652.3,8853819.0
2022-08-16,669.8,676.0,666.0,668.15,1596822,705,666.45,670.2,3.75,684.95,663.7,4080911.0
2022-08-17,668.95,676.0,668.15,671.65,1526304,706,668.15,669.8,1.6499999999999773,676.0,666.0,1596822.0
2022-08-18,674.0,723.0,673.0,714.15,10273793,707,671.65,668.95,-2.699999999999932,676.0,668.15,1526304.0
2022-08-19,706.9,752.75,697.15,735.15,25609355,708,714.15,674.0,-40.14999999999998,723.0,673.0,10273793.0
2022-08-22,719.0,726.5,703.2,712.5,9845889,709,735.15,706.9,-28.25,752.75,697.15,25609355.0
2022-08-23,703.0,719.0,698.3,714.95,4889154,710,712.5,719.0,6.5,726.5,703.2,9845889.0
2022-08-24,714.95,729.0,708.15,724.3,4455258,711,714.95,703.0,-11.950000000000045,719.0,698.3,4889154.0
2022-08-25,729.9,733.75,715.0,717.0,3528550,712,724.3,714.95,-9.349999999999909,729.0,708.15,4455258.0
2022-08-26,720.0,727.75,716.1,718.65,1996839,713,717.0,729.9,12.899999999999977,733.75,715.0,3528550.0
2022-08-29,666.0,697.0,666.0,691.8,5290429,714,718.65,720.0,1.3500000000000227,727.75,716.1,1996839.0
2022-08-30,699.95,713.85,696.2,710.75,3375748,715,691.8,666.0,-25.799999999999955,697.0,666.0,5290429.0
2022-09-01,707.0,716.85,703.2,707.05,2309164,716,710.75,699.95,-10.799999999999955,713.85,696.2,3375748.0
2022-09-02,713.9,726.2,710.15,712.65,3497693,717,707.05,707.0,-0.049999999999954525,716.85,703.2,2309164.0
2022-09-05,716.25,721.45,710.0,710.9,1573079,718,712.65,713.9,1.25,726.2,710.15,3497693.0
2022-09-06,714.9,717.65,705.2,708.3,1471443,719,710.9,716.25,5.350000000000023,721.45,710.0,1573079.0
2022-09-07,707.0,711.5,701.6,706.45,1244503,720,708.3,714.9,6.600000000000023,717.65,705.2,1471443.0
2022-09-08,713.2,724.0,709.15,714.8,2501592,721,706.45,707.0,0.5499999999999545,711.5,701.6,1244503.0
2022-09-09,718.5,721.45,710.0,711.8,1383138,722,714.8,713.2,-1.599999999999909,724.0,709.15,2501592.0
2022-09-12,715.0,725.0,713.5,721.3,2318918,723,711.8,718.5,6.7000000000000455,721.45,710.0,1383138.0
2022-09-13,724.95,727.7,718.0,719.95,1479262,724,721.3,715.0,-6.2999999999999545,725.0,713.5,2318918.0
2022-09-14,712.0,718.65,708.05,712.85,1269173,725,719.95,724.95,5.0,727.7,718.0,1479262.0
2022-09-15,716.45,738.0,715.1,724.35,5718669,726,712.85,712.0,-0.8500000000000227,718.65,708.05,1269173.0
2022-09-16,724.4,730.35,692.0,703.0,3745099,727,724.35,716.45,-7.899999999999977,738.0,715.1,5718669.0
2022-09-19,704.9,709.4,689.8,692.0,2263251,728,703.0,724.4,21.399999999999977,730.35,692.0,3745099.0
2022-09-20,699.9,715.0,698.4,706.15,2330872,729,692.0,704.9,12.899999999999977,709.4,689.8,2263251.0
2022-09-21,707.95,712.95,695.8,700.35,1419089,730,706.15,699.9,-6.25,715.0,698.4,2330872.0
2022-09-22,700.0,705.0,693.1,700.9,1654457,731,700.35,707.95,7.600000000000023,712.95,695.8,1419089.0
2022-09-23,703.5,706.85,684.0,685.8,1804335,732,700.9,700.0,-0.8999999999999773,705.0,693.1,1654457.0
2022-09-26,680.0,681.4,661.0,664.5,3249490,733,685.8,703.5,17.700000000000045,706.85,684.0,1804335.0
2022-09-27,668.0,681.7,664.05,676.65,2808630,734,664.5,680.0,15.5,681.4,661.0,3249490.0
2022-09-28,671.9,682.9,666.7,680.1,2044821,735,676.65,668.0,-8.649999999999977,681.7,664.05,2808630.0
2022-09-29,689.05,712.0,684.5,707.0,5846347,736,680.1,671.9,-8.200000000000045,682.9,666.7,2044821.0
2022-09-30,705.0,712.0,695.2,706.0,3220279,737,707.0,689.05,-17.950000000000045,712.0,684.5,5846347.0
2022-10-03,705.95,709.45,700.1,706.15,1735784,738,706.0,705.0,-1.0,712.0,695.2,3220279.0
2022-10-04,714.0,720.0,708.7,719.25,2443139,739,706.15,705.95,-0.1999999999999318,709.45,700.1,1735784.0
2022-10-06,725.8,734.7,720.05,731.25,4123619,740,719.25,714.0,-5.25,720.0,708.7,2443139.0
2022-10-07,733.0,737.6,724.05,735.25,3152365,741,731.25,725.8,-5.4500000000000455,734.7,720.05,4123619.0
2022-10-10,725.5,735.45,722.85,731.2,1952447,742,735.25,733.0,-2.25,737.6,724.05,3152365.0
2022-10-11,735.0,746.6,721.1,725.6,3747651,743,731.2,725.5,-5.7000000000000455,735.45,722.85,1952447.0
2022-10-12,730.0,734.7,706.55,722.3,2818945,744,725.6,735.0,9.399999999999977,746.6,721.1,3747651.0
2022-10-13,722.0,727.9,711.6,724.1,1887973,745,722.3,730.0,7.7000000000000455,734.7,706.55,2818945.0
2022-10-14,732.0,733.95,719.4,722.85,1612489,746,724.1,722.0,-2.1000000000000227,727.9,711.6,1887973.0
2022-10-17,719.2,729.8,712.35,728.0,1387810,747,722.85,732.0,9.149999999999977,733.95,719.4,1612489.0
2022-10-18,731.65,734.7,725.0,731.15,1675213,748,728.0,719.2,-8.799999999999955,729.8,712.35,1387810.0
2022-10-19,733.0,755.45,730.2,742.8,6094000,749,731.15,731.65,0.5,734.7,725.0,1675213.0
2022-10-20,738.95,745.0,725.6,742.65,2237769,750,742.8,733.0,-9.799999999999955,755.45,730.2,6094000.0
2022-10-21,743.0,756.0,735.3,743.55,2936578,751,742.65,738.95,-3.699999999999932,745.0,725.6,2237769.0
2022-10-25,742.25,747.0,735.6,740.4,1544325,752,743.55,743.0,-0.5499999999999545,756.0,735.3,2936578.0
2022-10-27,746.0,746.9,736.8,741.25,1783787,753,740.4,742.25,1.8500000000000227,747.0,735.6,1544325.0
2022-10-28,741.3,744.8,735.25,739.4,1484665,754,741.25,746.0,4.75,746.9,736.8,1783787.0
2022-10-31,744.0,752.85,738.0,741.2,1993381,755,739.4,741.3,1.8999999999999773,744.8,735.25,1484665.0
2022-11-01,745.0,747.65,739.35,742.25,1359226,756,741.2,744.0,2.7999999999999545,752.85,738.0,1993381.0
2022-11-02,742.0,761.3,738.25,755.45,3424051,757,742.25,745.0,2.75,747.65,739.35,1359226.0
2022-11-03,751.95,760.0,746.0,751.4,2828562,758,755.45,742.0,-13.450000000000045,761.3,738.25,3424051.0
2022-11-04,752.0,766.45,748.05,758.5,4743835,759,751.4,751.95,0.5500000000000682,760.0,746.0,2828562.0
2022-11-07,762.3,774.9,761.5,763.9,4583239,760,758.5,752.0,-6.5,766.45,748.05,4743835.0
2022-11-09,769.5,771.0,759.5,761.25,1566292,761,763.9,762.3,-1.6000000000000227,774.9,761.5,4583239.0
2022-11-10,762.0,763.0,738.0,744.45,2557799,762,761.25,769.5,8.25,771.0,759.5,1566292.0
2022-11-11,755.0,757.7,744.5,747.8,1668424,763,744.45,762.0,17.549999999999955,763.0,738.0,2557799.0
2022-11-14,751.7,765.0,750.05,758.8,2342968,764,747.8,755.0,7.2000000000000455,757.7,744.5,1668424.0
2022-11-15,750.0,750.0,731.55,740.65,4125858,765,758.8,751.7,-7.099999999999909,765.0,750.05,2342968.0
2022-11-16,742.0,748.8,722.05,728.15,2945626,766,740.65,750.0,9.350000000000023,750.0,731.55,4125858.0
2022-11-17,723.0,738.45,723.0,726.45,1607026,767,728.15,742.0,13.850000000000023,748.8,722.05,2945626.0
2022-11-18,731.0,733.0,714.35,718.1,1537039,768,726.45,723.0,-3.4500000000000455,738.45,723.0,1607026.0
2022-11-21,711.0,722.05,710.6,715.55,1154333,769,718.1,731.0,12.899999999999977,733.0,714.35,1537039.0
2022-11-22,714.0,719.0,713.0,715.15,876182,770,715.55,711.0,-4.5499999999999545,722.05,710.6,1154333.0
2022-11-23,718.75,724.4,717.2,721.8,1116201,771,715.15,714.0,-1.1499999999999773,719.0,713.0,876182.0
2022-11-24,722.0,727.8,721.4,723.55,1110302,772,721.8,718.75,-3.0499999999999545,724.4,717.2,1116201.0
2022-11-25,727.95,727.95,720.0,721.7,800689,773,723.55,722.0,-1.5499999999999545,727.8,721.4,1110302.0
2022-11-28,720.0,735.8,719.0,725.9,1780538,774,721.7,727.95,6.25,727.95,720.0,800689.0
2022-11-29,722.05,729.4,720.1,723.0,848626,775,725.9,720.0,-5.899999999999977,735.8,719.0,1780538.0
2022-11-30,726.0,739.4,726.0,736.2,2643749,776,723.0,722.05,-0.9500000000000455,729.4,720.1,848626.0
2022-12-01,739.9,739.9,730.0,731.95,1155151,777,736.2,726.0,-10.200000000000045,739.4,726.0,2643749.0
2022-12-02,735.0,735.0,727.3,730.1,926912,778,731.95,739.9,7.949999999999932,739.9,730.0,1155151.0
2022-12-05,733.0,733.7,725.1,729.1,1114128,779,730.1,735.0,4.899999999999977,735.0,727.3,926912.0
2022-12-06,728.9,742.5,714.1,716.45,3646370,780,729.1,733.0,3.8999999999999773,733.7,725.1,1114128.0
2022-12-07,717.5,722.75,712.45,717.3,1847900,781,716.45,728.9,12.449999999999932,742.5,714.1,3646370.0
2022-12-08,721.6,722.55,715.5,720.65,1090422,782,717.3,717.5,0.20000000000004547,722.75,712.45,1847900.0
2022-12-09,722.5,727.5,717.75,722.15,1253279,783,720.65,721.6,0.9500000000000455,722.55,715.5,1090422.0
2022-12-12,720.95,725.0,710.5,723.9,1082376,784,722.15,722.5,0.35000000000002274,727.5,717.75,1253279.0
2022-12-13,724.5,730.4,721.0,722.85,1172294,785,723.9,720.95,-2.949999999999932,725.0,710.5,1082376.0
2022-12-14,725.0,739.9,723.65,734.9,1858776,786,722.85,724.5,1.6499999999999773,730.4,721.0,1172294.0
2022-12-15,698.5,702.5,687.0,689.05,14531256,787,734.9,725.0,-9.899999999999977,739.9,723.65,1858776.0
2022-12-16,681.4,682.9,668.15,672.15,8857773,788,689.05,698.5,9.450000000000045,702.5,687.0,14531256.0
2022-12-19,675.75,681.6,673.0,676.8,2696707,789,672.15,681.4,9.25,682.9,668.15,8857773.0
2022-12-20,676.45,678.0,667.0,674.15,4253915,790,676.8,675.75,-1.0499999999999545,681.6,673.0,2696707.0
2022-12-21,677.5,678.7,650.15,653.55,3812361,791,674.15,676.45,2.300000000000068,678.0,667.0,4253915.0
2022-12-22,657.0,657.45,632.25,640.95,4836262,792,653.55,677.5,23.950000000000045,678.7,650.15,3812361.0
2022-12-23,634.5,638.05,605.0,607.25,7402977,793,640.95,657.0,16.049999999999955,657.45,632.25,4836262.0
2022-12-26,610.1,629.4,606.0,622.05,3578861,794,607.25,634.5,27.25,638.05,605.0,7402977.0
2022-12-27,628.0,634.95,623.05,633.1,2032618,795,622.05,610.1,-11.949999999999932,629.4,606.0,3578861.0
2022-12-28,635.0,641.0,630.45,638.75,2067777,796,633.1,628.0,-5.100000000000023,634.95,623.05,2032618.0
2022-12-29,636.0,636.8,627.55,633.05,2332891,797,638.75,635.0,-3.75,641.0,630.45,2067777.0
2022-12-30,638.0,645.55,635.6,639.7,1680270,798,633.05,636.0,2.9500000000000455,636.8,627.55,2332891.0
2023-01-02,643.0,644.7,639.1,642.35,937786,799,639.7,638.0,-1.7000000000000455,645.55,635.6,1680270.0
2023-01-03,648.95,654.8,642.15,644.05,2364730,800,642.35,643.0,0.6499999999999773,644.7,639.1,937786.0
2023-01-04,646.0,646.55,633.0,635.2,1377074,801,644.05,648.95,4.900000000000091,654.8,642.15,2364730.0
2023-01-05,638.4,638.4,631.5,637.15,861066,802,635.2,646.0,10.799999999999955,646.55,633.0,1377074.0
2023-01-06,637.35,639.95,631.0,636.25,730880,803,637.15,638.4,1.25,638.4,631.5,861066.0
2023-01-09,639.45,641.8,636.3,639.6,592137,804,636.25,637.35,1.1000000000000227,639.95,631.0,730880.0
2023-01-10,639.0,642.8,634.6,636.95,978802,805,639.6,639.45,-0.14999999999997726,641.8,636.3,592137.0
2023-01-11,636.2,644.0,636.2,640.75,922620,806,636.95,639.0,2.0499999999999545,642.8,634.6,978802.0
2023-01-12,643.7,644.3,638.25,640.65,685572,807,640.75,636.2,-4.5499999999999545,644.0,636.2,922620.0
2023-01-13,642.5,643.5,637.05,641.5,697974,808,640.65,643.7,3.050000000000068,644.3,638.25,685572.0
2023-01-16,643.0,643.35,638.0,640.05,789814,809,641.5,642.5,1.0,643.5,637.05,697974.0
2023-01-17,640.0,643.7,633.65,641.15,1093013,810,640.05,643.0,2.9500000000000455,643.35,638.0,789814.0
2023-01-18,641.55,642.5,637.7,640.15,706202,811,641.15,640.0,-1.1499999999999773,643.7,633.65,1093013.0
2023-01-19,639.0,641.0,635.0,640.3,802422,812,640.15,641.55,1.3999999999999773,642.5,637.7,706202.0
2023-01-20,639.5,651.95,638.5,641.45,1759179,813,640.3,639.0,-1.2999999999999545,641.0,635.0,802422.0
2023-01-23,644.7,645.0,639.8,642.8,756232,814,641.45,639.5,-1.9500000000000455,651.95,638.5,1759179.0
2023-01-24,643.1,647.4,638.6,643.2,845755,815,642.8,644.7,1.900000000000091,645.0,639.8,756232.0
2023-01-25,640.35,643.7,625.5,627.55,1518420,816,643.2,643.1,-0.10000000000002274,647.4,638.6,845755.0
2023-01-27,630.7,632.85,601.0,611.85,2034846,817,627.55,640.35,12.800000000000068,643.7,625.5,1518420.0
2023-01-30,613.95,626.75,610.0,624.85,1192737,818,611.85,630.7,18.850000000000023,632.85,601.0,2034846.0
2023-01-31,626.05,640.0,622.2,636.6,1169450,819,624.85,613.95,-10.899999999999977,626.75,610.0,1192737.0
2023-02-01,641.0,652.8,616.8,628.05,3338066,820,636.6,626.05,-10.550000000000068,640.0,622.2,1169450.0
2023-02-02,628.0,634.45,622.9,630.2,1229577,821,628.05,641.0,12.950000000000045,652.8,616.8,3338066.0
2023-02-03,631.1,633.2,618.0,627.45,1017351,822,630.2,628.0,-2.2000000000000455,634.45,622.9,1229577.0
2023-02-06,627.0,636.3,625.0,634.85,903072,823,627.45,631.1,3.6499999999999773,633.2,618.0,1017351.0
2023-02-07,635.0,637.9,630.5,636.45,876421,824,634.85,627.0,-7.850000000000023,636.3,625.0,903072.0
2023-02-08,637.95,642.0,635.05,641.3,971390,825,636.45,635.0,-1.4500000000000455,637.9,630.5,876421.0
2023-02-09,643.0,656.7,637.0,651.45,3035079,826,641.3,637.95,-3.349999999999909,642.0,635.05,971390.0
2023-02-10,653.7,653.7,641.55,644.15,1367860,827,651.45,643.0,-8.450000000000045,656.7,637.0,3035079.0
2023-02-13,644.15,646.15,633.5,640.1,859178,828,644.15,653.7,9.550000000000068,653.7,641.55,1367860.0
2023-02-14,642.0,644.6,636.2,642.05,773609,829,640.1,644.15,4.0499999999999545,646.15,633.5,859178.0
2023-02-15,640.5,648.0,631.0,647.25,826243,830,642.05,642.0,-0.049999999999954525,644.6,636.2,773609.0
2023-02-16,647.25,653.0,645.9,649.25,908726,831,647.25,640.5,-6.75,648.0,631.0,826243.0
2023-02-17,648.15,651.95,645.25,649.9,769510,832,649.25,647.25,-2.0,653.0,645.9,908726.0
2023-02-20,649.9,652.9,640.65,641.85,839690,833,649.9,648.15,-1.75,651.95,645.25,769510.0
2023-02-21,641.85,647.45,639.0,642.55,810862,834,641.85,649.9,8.049999999999955,652.9,640.65,839690.0
2023-02-22,639.4,639.4,617.8,619.3,1476831,835,642.55,641.85,-0.6999999999999318,647.45,639.0,810862.0
2023-02-23,616.0,616.0,601.0,602.3,1905454,836,619.3,639.4,20.100000000000023,639.4,617.8,1476831.0
2023-02-24,604.95,610.0,602.0,607.85,1103521,837,602.3,616.0,13.700000000000045,616.0,601.0,1905454.0
2023-02-27,606.0,607.1,595.0,599.85,1272125,838,607.85,604.95,-2.8999999999999773,610.0,602.0,1103521.0
2023-02-28,602.85,610.65,600.6,609.25,1169989,839,599.85,606.0,6.149999999999977,607.1,595.0,1272125.0
2023-03-01,603.3,614.8,603.3,611.35,838187,840,609.25,602.85,-6.399999999999977,610.65,600.6,1169989.0
2023-03-02,614.45,614.45,608.0,609.2,675954,841,611.35,603.3,-8.050000000000068,614.8,603.3,838187.0
2023-03-03,611.0,617.5,611.0,613.95,922970,842,609.2,614.45,5.25,614.45,608.0,675954.0
2023-03-06,615.55,620.95,615.05,615.8,1159437,843,613.95,611.0,-2.9500000000000455,617.5,611.0,922970.0
2023-03-08,615.0,618.8,612.2,618.25,599416,844,615.8,615.55,-0.25,620.95,615.05,1159437.0
2023-03-09,618.8,621.4,614.0,615.05,705160,845,618.25,615.0,-3.25,618.8,612.2,599416.0
2023-03-10,612.8,613.5,604.55,611.95,783871,846,615.05,618.8,3.75,621.4,614.0,705160.0
2023-03-13,607.15,613.0,600.0,601.65,1063211,847,611.95,612.8,0.849999999999909,613.5,604.55,783871.0
2023-03-14,602.0,605.0,596.1,603.35,1024101,848,601.65,607.15,5.5,613.0,600.0,1063211.0
2023-03-15,605.0,608.95,601.5,605.65,787957,849,603.35,602.0,-1.3500000000000227,605.0,596.1,1024101.0
2023-03-16,604.5,606.6,595.7,603.45,921400,850,605.65,605.0,-0.6499999999999773,608.95,601.5,787957.0
2023-03-17,606.7,619.0,606.2,611.65,1271225,851,603.45,604.5,1.0499999999999545,606.6,595.7,921400.0
2023-03-20,606.0,609.9,600.0,604.45,694608,852,611.65,606.7,-4.949999999999932,619.0,606.2,1271225.0
2023-03-21,604.25,608.8,602.15,606.75,823110,853,604.45,606.0,1.5499999999999545,609.9,600.0,694608.0
2023-03-22,609.1,609.9,603.85,604.75,504390,854,606.75,604.25,-2.5,608.8,602.15,823110.0
2023-03-23,604.7,606.6,599.65,605.15,932262,855,604.75,609.1,4.350000000000023,609.9,603.85,504390.0
2023-03-24,605.1,608.6,598.1,600.05,886735,856,605.15,604.7,-0.4499999999999318,606.6,599.65,932262.0
2023-03-27,598.05,599.95,576.7,582.1,1429219,857,600.05,605.1,5.050000000000068,608.6,598.1,886735.0
2023-03-28,584.0,584.0,558.85,560.2,2025058,858,582.1,598.05,15.949999999999932,599.95,576.7,1429219.0
2023-03-29,563.0,568.7,557.1,564.5,2017776,859,560.2,584.0,23.799999999999955,584.0,558.85,2025058.0
2023-03-31,568.3,575.5,567.5,572.8,1237105,860,564.5,563.0,-1.5,568.7,557.1,2017776.0
2023-04-03,577.0,579.65,566.6,570.3,1707849,861,572.8,568.3,-4.5,575.5,567.5,1237105.0
2023-04-05,571.05,574.9,564.55,566.65,1555308,862,570.3,577.0,6.7000000000000455,579.65,566.6,1707849.0
2023-04-06,568.6,572.75,566.65,569.9,1559125,863,566.65,571.05,4.399999999999977,574.9,564.55,1555308.0
2023-04-10,570.15,583.0,570.15,581.3,1300834,864,569.9,568.6,-1.2999999999999545,572.75,566.65,1559125.0
2023-04-11,583.0,589.0,578.05,584.9,1285557,865,581.3,570.15,-11.149999999999977,583.0,570.15,1300834.0
2023-04-12,584.9,588.5,579.15,584.4,1406652,866,584.9,583.0,-1.8999999999999773,589.0,578.05,1285557.0
2023-04-13,582.0,594.0,582.0,592.65,1102409,867,584.4,584.9,0.5,588.5,579.15,1406652.0
2023-04-17,592.65,597.6,584.15,596.65,974707,868,592.65,582.0,-10.649999999999977,594.0,582.0,1102409.0
2023-04-18,597.95,604.9,596.2,603.55,1216107,869,596.65,592.65,-4.0,597.6,584.15,974707.0
2023-04-19,606.9,613.85,600.5,606.7,1814835,870,603.55,597.95,-5.599999999999909,604.9,596.2,1216107.0
2023-04-20,606.85,609.9,599.0,601.75,698282,871,606.7,606.9,0.1999999999999318,613.85,600.5,1814835.0
2023-04-21,602.0,603.85,594.7,603.0,830247,872,601.75,606.85,5.100000000000023,609.9,599.0,698282.0
2023-04-24,603.0,607.5,597.3,603.4,870486,873,603.0,602.0,-1.0,603.85,594.7,830247.0
2023-04-25,603.95,611.0,600.0,607.9,977657,874,603.4,603.0,-0.39999999999997726,607.5,597.3,870486.0
2023-04-26,606.0,613.0,604.55,608.2,1087979,875,607.9,603.95,-3.949999999999932,611.0,600.0,977657.0
2023-04-27,608.2,610.15,605.0,606.1,702044,876,608.2,606.0,-2.2000000000000455,613.0,604.55,1087979.0
2023-04-28,610.1,619.65,608.4,617.8,1552366,877,606.1,608.2,2.1000000000000227,610.15,605.0,702044.0
2023-05-02,620.0,631.0,618.2,626.95,2483827,878,617.8,610.1,-7.699999999999932,619.65,608.4,1552366.0
2023-05-03,626.45,632.8,622.6,627.7,1461740,879,626.95,620.0,-6.9500000000000455,631.0,618.2,2483827.0
2023-05-04,627.7,635.55,627.55,631.6,1244544,880,627.7,626.45,-1.25,632.8,622.6,1461740.0
2023-05-05,630.75,633.7,624.0,625.4,878399,881,631.6,627.7,-3.8999999999999773,635.55,627.55,1244544.0
2023-05-08,628.0,630.6,625.4,628.1,659593,882,625.4,630.75,5.350000000000023,633.7,624.0,878399.0
2023-05-09,628.1,633.4,620.0,622.6,935395,883,628.1,628.0,-0.10000000000002274,630.6,625.4,659593.0
2023-05-10,623.0,625.75,618.0,624.3,650253,884,622.6,628.1,5.5,633.4,620.0,935395.0
2023-05-11,625.05,627.65,624.3,626.6,530789,885,624.3,623.0,-1.2999999999999545,625.75,618.0,650253.0
2023-05-12,626.6,637.2,625.05,628.45,1240961,886,626.6,625.05,-1.5500000000000682,627.65,624.3,530789.0
2023-05-15,625.0,635.6,625.0,632.35,927921,887,628.45,626.6,-1.8500000000000227,637.2,625.05,1240961.0
2023-05-16,632.05,636.7,624.3,626.15,676721,888,632.35,625.0,-7.350000000000023,635.6,625.0,927921.0
2023-05-17,626.15,629.0,618.0,622.75,671895,889,626.15,632.05,5.899999999999977,636.7,624.3,676721.0
2023-05-18,625.0,627.8,613.0,614.85,723251,890,622.75,626.15,3.3999999999999773,629.0,618.0,671895.0
2023-05-19,614.85,617.0,604.1,610.35,847752,891,614.85,625.0,10.149999999999977,627.8,613.0,723251.0
2023-05-22,610.35,624.9,607.1,623.5,1083528,892,610.35,614.85,4.5,617.0,604.1,847752.0
2023-05-23,628.4,636.3,622.0,624.35,1199438,893,623.5,610.35,-13.149999999999977,624.9,607.1,1083528.0
2023-05-24,624.0,626.85,618.0,618.9,659056,894,624.35,628.4,4.0499999999999545,636.3,622.0,1199438.0
2023-05-25,619.5,621.5,616.0,618.55,595504,895,618.9,624.0,5.100000000000023,626.85,618.0,659056.0
2023-05-26,621.8,625.7,619.3,624.35,1185212,896,618.55,619.5,0.9500000000000455,621.5,616.0,595504.0
2023-05-29,630.0,647.0,626.25,645.75,4019467,897,624.35,621.8,-2.550000000000068,625.7,619.3,1185212.0
2023-05-30,637.0,653.7,627.3,643.75,10121546,898,645.75,630.0,-15.75,647.0,626.25,4019467.0
2023-05-31,643.0,650.2,640.0,649.5,2740993,899,643.75,637.0,-6.75,653.7,627.3,10121546.0
2023-06-01,650.1,659.1,647.45,649.5,2453298,900,649.5,643.0,-6.5,650.2,640.0,2740993.0
2023-06-02,653.4,654.75,643.55,645.45,1537757,901,649.5,650.1,0.6000000000000227,659.1,647.45,2453298.0
2023-06-05,636.0,647.35,636.0,643.65,1619948,902,645.45,653.4,7.949999999999932,654.75,643.55,1537757.0
2023-06-06,643.8,646.45,637.05,643.0,882889,903,643.65,636.0,-7.649999999999977,647.35,636.0,1619948.0
2023-06-07,644.05,657.8,643.95,652.9,2220779,904,643.0,643.8,0.7999999999999545,646.45,637.05,882889.0
2023-06-08,655.0,657.8,642.4,644.0,1224083,905,652.9,644.05,-8.850000000000023,657.8,643.95,2220779.0
2023-06-09,646.0,646.95,638.9,640.15,745628,906,644.0,655.0,11.0,657.8,642.4,1224083.0
2023-06-12,641.95,647.0,638.6,645.9,864306,907,640.15,646.0,5.850000000000023,646.95,638.9,745628.0
2023-06-13,641.35,650.5,641.35,647.6,956702,908,645.9,641.95,-3.949999999999932,647.0,638.6,864306.0
2023-06-14,646.85,649.75,642.05,643.5,785495,909,647.6,641.35,-6.25,650.5,641.35,956702.0
2023-06-15,643.5,649.0,641.5,643.0,765612,910,643.5,646.85,3.3500000000000227,649.75,642.05,785495.0
2023-06-16,645.0,670.65,643.2,665.0,5271115,911,643.0,643.5,0.5,649.0,641.5,765612.0
2023-06-19,662.0,675.0,660.2,667.85,4493884,912,665.0,645.0,-20.0,670.65,643.2,5271115.0
2023-06-20,668.5,670.9,660.2,664.05,1519178,913,667.85,662.0,-5.850000000000023,675.0,660.2,4493884.0
2023-06-21,664.05,667.5,659.0,662.35,1006572,914,664.05,668.5,4.4500000000000455,670.9,660.2,1519178.0
2023-06-22,663.45,666.7,641.8,644.9,1913224,915,662.35,664.05,1.6999999999999318,667.5,659.0,1006572.0
2023-06-23,644.9,646.0,625.6,627.8,1975633,916,644.9,663.45,18.550000000000068,666.7,641.8,1913224.0
2023-06-26,625.0,633.7,621.65,632.45,914109,917,627.8,644.9,17.100000000000023,646.0,625.6,1975633.0
2023-06-27,635.5,636.5,629.15,630.6,871962,918,632.45,625.0,-7.4500000000000455,633.7,621.65,914109.0
2023-06-30,632.25,641.5,630.25,635.1,1309614,919,630.6,635.5,4.899999999999977,636.5,629.15,871962.0
2023-07-03,635.8,640.05,632.0,633.1,782176,920,635.1,632.25,-2.8500000000000227,641.5,630.25,1309614.0
2023-07-04,634.0,636.75,627.05,628.7,939181,921,633.1,635.8,2.699999999999932,640.05,632.0,782176.0
2023-07-05,629.7,633.0,627.1,630.6,690230,922,628.7,634.0,5.2999999999999545,636.75,627.05,939181.0
2023-07-06,628.0,633.35,627.6,632.3,824834,923,630.6,629.7,-0.8999999999999773,633.0,627.1,690230.0
2023-07-07,632.3,636.45,627.0,630.65,1054909,924,632.3,628.0,-4.2999999999999545,633.35,627.6,824834.0
2023-07-10,631.75,632.0,614.35,615.9,1947356,925,630.65,632.3,1.6499999999999773,636.45,627.0,1054909.0
2023-07-11,616.25,624.55,615.0,619.0,1079845,926,615.9,631.75,15.850000000000023,632.0,614.35,1947356.0
2023-07-12,619.85,622.45,615.1,620.7,957020,927,619.0,616.25,-2.75,624.55,615.0,1079845.0
2023-07-13,623.0,626.6,614.5,617.75,966834,928,620.7,619.85,-0.8500000000000227,622.45,615.1,957020.0
2023-07-14,619.9,623.7,616.6,622.85,757598,929,617.75,623.0,5.25,626.6,614.5,966834.0
2023-07-17,622.05,629.95,622.0,625.55,1006467,930,622.85,619.9,-2.9500000000000455,623.7,616.6,757598.0
2023-07-18,626.0,628.05,620.0,622.85,763870,931,625.55,622.05,-3.5,629.95,622.0,1006467.0
