Date,Open,High,Low,Close,Volume
14/10/2019 15:30:00,125.2,148.76,125,145.55,45270607
15/10/2019 15:30:00,147.2,149.48,139.21,142.63,10530041
16/10/2019 15:30:00,142.8,144.2,139.65,140.13,3476306
17/10/2019 15:30:00,140.02,146.6,137.43,144.86,5032930
18/10/2019 15:30:00,145,157.98,143.21,155.83,9733230
22/10/2019 15:30:00,157.39,173.35,156.2,168.94,9346788
23/10/2019 15:30:00,173.2,181.98,173.2,180.06,9023269
24/10/2019 15:30:00,184.99,190.7,172.53,180.41,11871313
25/10/2019 19:00:00,181,183.2,175.2,179.81,3849535
27/10/2019 19:25:00,182.2,185,179,181.25,1342257
29/10/2019 15:30:00,181.4,181.48,175.73,176.62,2023748
30/10/2019 15:30:00,176.2,184,176.17,178.09,3276203
31/10/2019 15:30:00,180,181.54,175.4,176.34,1839718
01/11/2019 15:30:00,177,181.59,176.62,178.1,1882230
04/11/2019 15:30:00,179,179.6,176.05,176.69,839167
05/11/2019 15:30:00,177.34,181.4,174.26,176.3,2038067
06/11/2019 15:30:00,177,179,176.2,176.86,990090
07/11/2019 15:30:00,177.8,178.4,176.02,176.3,775102
08/11/2019 15:30:00,175.95,178.2,174.46,175.38,948769
11/11/2019 15:30:00,177.2,188.67,176.8,186.58,5501875
13/11/2019 15:30:00,191,196.18,180.64,186.41,6174470
14/11/2019 15:30:00,183,189.4,179.4,181.46,2867396
15/11/2019 15:30:00,184,187.96,180.4,185.64,3194038
18/11/2019 15:30:00,186.82,187.58,183.41,184.43,1144000
19/11/2019 15:30:00,184.55,184.8,180,180.51,1104593
20/11/2019 15:30:00,181.8,183.4,178,179.14,1264597
21/11/2019 15:30:00,179.6,181.2,176.02,176.96,1297118
22/11/2019 15:30:00,177.8,177.8,174.48,175.18,747673
25/11/2019 15:30:00,175.8,178,174.62,176.43,687565
26/11/2019 15:30:00,177.4,179,175.1,175.74,794348
27/11/2019 15:30:00,176.22,178.2,176,176.65,586626
28/11/2019 15:30:00,176.99,177.56,175.62,176.49,415748
29/11/2019 15:30:00,176.43,183.74,175.6,179.45,1799753
03/12/2019 15:30:00,177.2,177.8,174.2,175,550857
04/12/2019 15:30:00,174.4,177,172.46,174.82,741046
05/12/2019 15:30:00,175.9,177.78,174.4,175.19,526976
06/12/2019 15:30:00,175.4,175.73,173.63,174.47,355371
09/12/2019 15:30:00,175.31,175.31,172.83,173.48,354249
10/12/2019 15:30:00,173.96,173.96,171.06,172.18,394809
11/12/2019 15:30:00,172.78,173.99,171.1,172.93,441041
12/12/2019 15:30:00,173,175.6,172.02,173.98,290277
13/12/2019 15:30:00,174.85,180.68,174.02,178.1,1400505
16/12/2019 15:30:00,178.9,178.9,176.43,177.34,356192
17/12/2019 15:30:00,177.8,179.7,176.6,177.35,563331
18/12/2019 15:30:00,177.36,177.5,174.66,175.07,284932
19/12/2019 15:30:00,174.44,175.2,173.24,173.94,302745
20/12/2019 15:30:00,174.8,174.8,173.1,173.37,261200
23/12/2019 15:30:00,173.6,174,172.2,172.95,328209
24/12/2019 15:30:00,177,179.96,175.04,177.51,2404158
26/12/2019 15:30:00,177.2,177.6,174.9,175.38,392561
27/12/2019 15:30:00,176.39,177.08,175.4,176.12,420523
30/12/2019 15:30:00,177.05,187.49,176.66,185.23,3047571
31/12/2019 15:30:00,186.4,190.94,184.26,186.69,3889180
01/01/2020 15:30:00,188.38,190.77,186.96,188.87,1718655
02/01/2020 15:30:00,188.8,188.8,185.41,186.08,657531
03/01/2020 15:30:00,185.6,188.7,185.51,186.28,868570
06/01/2020 15:30:00,185.4,185.41,178.02,178.89,784734
07/01/2020 15:30:00,179.4,184.3,179.4,181.48,697359
08/01/2020 15:30:00,179.8,180.52,177.26,179.23,554070
09/01/2020 15:30:00,182.07,184.12,182,182.73,599400
10/01/2020 15:30:00,182.4,185.48,181.73,183.45,508777
13/01/2020 15:30:00,184,188.56,183.21,187.83,782985
14/01/2020 15:30:00,189,196.74,188.41,194.83,2897447
15/01/2020 15:30:00,195.6,199.2,194.77,197.08,1712570
16/01/2020 15:30:00,196.96,201.67,196.95,200.73,1521414
17/01/2020 15:30:00,202,205,202,204.37,1099347
20/01/2020 15:30:00,205.44,205.64,197.61,198.67,887648
21/01/2020 15:30:00,198.48,198.88,195.6,196.55,576489
22/01/2020 15:30:00,198,201.2,197.4,199.37,594103
23/01/2020 15:30:00,199.72,200.15,197.8,199.1,326740
24/01/2020 15:30:00,200,202.52,198.42,200.54,486570
27/01/2020 15:30:00,200.38,203.49,199,201.52,552128
28/01/2020 15:30:00,202.72,211.98,202.03,209.74,1302893
29/01/2020 15:30:00,214.5,225.98,212.7,223.28,2878180
30/01/2020 15:30:00,226.56,232.8,223.21,227.43,3814613
31/01/2020 15:30:00,230.42,247,229.21,242.06,3326290
01/02/2020 17:00:00,248.2,266.6,233.64,238.79,11556397
03/02/2020 15:30:00,238.87,252.6,237.21,250.17,2852658
04/02/2020 15:30:00,258,287.6,257.2,282.53,6594725
05/02/2020 15:30:00,291.4,309.56,288.2,301.71,10960302
06/02/2020 15:30:00,306.4,312.6,294.4,300.86,5593623
07/02/2020 15:30:00,300,305.6,296.4,302.7,2379411
10/02/2020 15:30:00,304.78,307.6,293.2,296.04,2990816
11/02/2020 15:30:00,299.04,301,275.72,281.6,2889010
12/02/2020 15:30:00,279,290,270,283.05,5342502
13/02/2020 15:30:00,316.7,321.96,303.07,316.07,11381387
14/02/2020 15:30:00,319.8,320.78,309.72,311.48,3329548
17/02/2020 15:30:00,312.98,313,302,303.73,1568959
18/02/2020 15:30:00,303,329.6,297,327.72,7586511
19/02/2020 15:30:00,333.26,374.54,331.68,366.38,13312044
20/02/2020 15:30:00,374,395.4,372.41,386.01,12052002
24/02/2020 15:30:00,380,397.98,362.4,384.7,9857426
25/02/2020 15:30:00,384.66,398.8,383.4,390.39,5764224
26/02/2020 15:30:00,391.8,396.74,388,390.33,3688725
27/02/2020 15:30:00,393.4,394,377.76,381.88,3475379
28/02/2020 15:30:00,368.4,373.18,346.26,348.76,5090258
02/03/2020 15:30:00,362,374.74,327.29,344.65,4904409
03/03/2020 15:30:00,354,361.8,337.31,347.86,4315203
04/03/2020 15:30:00,350.4,353,313.08,313.08,4406093
05/03/2020 15:30:00,301.4,304.99,282.22,286.17,7607334
06/03/2020 15:30:00,271.87,271.87,271.87,271.87,232008
09/03/2020 15:30:00,258.28,258.28,258.28,258.28,135085
11/03/2020 15:30:00,245.37,271.19,245.37,257.07,4083929
12/03/2020 15:30:00,244.22,244.22,244.22,244.22,135614
13/03/2020 15:30:00,232.01,253.76,232.01,245.55,3184135
16/03/2020 15:30:00,236.22,239.6,233.28,233.28,1345706
17/03/2020 15:30:00,230.4,235.76,221.62,221.62,1798036
18/03/2020 15:30:00,215.32,217.59,210.54,210.54,411932
19/03/2020 15:30:00,200.02,206.6,200.02,200.02,671844
20/03/2020 15:30:00,194.05,201,190.02,190.2,3068377
23/03/2020 15:30:00,180.69,180.69,180.69,180.69,166278
24/03/2020 15:30:00,172.2,175.59,171.66,171.66,269345
25/03/2020 15:30:00,164.05,165,163.08,163.08,295503
26/03/2020 15:30:00,154.93,171.23,154.93,171.23,1053226
27/03/2020 15:30:00,179.79,179.79,179.79,179.79,159470
30/03/2020 15:30:00,177.98,188.77,171.63,187.16,1825236
31/03/2020 15:30:00,196.51,196.51,196.51,196.51,64614
01/04/2020 15:30:00,206.33,206.33,206.33,206.33,56186
03/04/2020 15:30:00,216.64,216.64,216.64,216.64,224922
07/04/2020 15:30:00,222,227.47,219.8,227.47,595441
08/04/2020 15:30:00,238.84,238.84,238.84,238.84,96331
09/04/2020 15:30:00,250.78,250.78,250.78,250.78,102764
13/04/2020 15:30:00,251.8,263.31,240.02,258.16,3734630
15/04/2020 15:30:00,245.26,257.76,245.26,246.11,1503122
16/04/2020 15:30:00,244.8,258.41,238,258.41,1328033
17/04/2020 15:30:00,271.33,271.33,261.73,271.33,1950259
20/04/2020 15:30:00,281.4,284.89,274,284.89,1180896
21/04/2020 15:30:00,282,297,276,292.42,2588589
22/04/2020 15:30:00,296,301.8,280.22,286.89,2024664
23/04/2020 15:30:00,288,289.79,273.11,274.27,1486466
24/04/2020 15:30:00,266,269.55,260.56,260.56,911686
27/04/2020 15:30:00,252.4,265.98,248.17,253.53,1469187
28/04/2020 15:30:00,256,266.2,247,265.68,2002025
29/04/2020 15:30:00,272.8,272.8,261.11,263.8,1254301
30/04/2020 15:30:00,268,268.99,263,264.87,799185
04/05/2020 15:30:00,254.02,260.8,254.02,256.47,765849
05/05/2020 15:30:00,261,261.96,252,252.4,656951
06/05/2020 15:30:00,252.8,253.78,240.45,243.24,920936
07/05/2020 15:30:00,243.88,249.79,238,242.91,1023481
08/05/2020 15:30:00,246,255.05,244.4,248.3,1868132
11/05/2020 15:30:00,260.71,260.71,260.71,260.71,129360
12/05/2020 15:30:00,273.74,273.74,273.74,273.74,172092
13/05/2020 15:30:00,287.42,287.42,275.2,287.42,2268041
14/05/2020 15:30:00,293.99,295,276.53,277.84,3802256
15/05/2020 15:30:00,268.4,275.48,265.13,266.02,1285331
18/05/2020 15:30:00,262.1,262.99,252.72,252.72,862751
19/05/2020 15:30:00,253,261.99,249.13,253.98,1208900
20/05/2020 15:30:00,266.67,266.67,266.67,266.67,518570
21/05/2020 15:30:00,280,280,280,280,186571
22/05/2020 15:30:00,289.8,292,280,284.54,2602909
26/05/2020 15:30:00,289.8,289.8,274.6,275.55,1167876
27/05/2020 15:30:00,269.4,282.98,266.2,278.35,1205961
28/05/2020 15:30:00,277.8,280.8,272.4,276.26,720618
29/05/2020 15:30:00,276,284.4,273.27,282.07,1242472
01/06/2020 15:30:00,290,290,282.28,283.15,951508
02/06/2020 15:30:00,284.4,285,280.4,281.97,636146
03/06/2020 15:30:00,283,284.33,277.8,278.51,831499
04/06/2020 15:30:00,279.5,287.98,276.32,286.29,1851685
05/06/2020 15:30:00,291.78,297.5,287.2,291.24,2726540
08/06/2020 15:30:00,294,319,291.77,306.43,4335458
09/06/2020 15:30:00,309.2,314,294.4,298.68,1600239
10/06/2020 15:30:00,299.2,301.37,287.4,290.91,1120128
11/06/2020 15:30:00,290.9,295.59,285.11,286.67,859510
12/06/2020 15:30:00,268.2,288.8,268.2,285.05,1540126
15/06/2020 15:30:00,285,289.8,282.13,284.65,733722
16/06/2020 15:30:00,289,290.55,276.16,282.21,891268
17/06/2020 15:30:00,278,283.56,277.21,279.02,510679
18/06/2020 15:30:00,280,285.54,278.27,281.92,649132
19/06/2020 15:30:00,284,289.2,283,284.79,1500063
22/06/2020 15:30:00,286,288.4,282.42,283.28,769590
23/06/2020 15:30:00,285.2,299.5,283.6,290.16,2551183
24/06/2020 15:30:00,292.39,295.8,283.46,284.2,1125681
25/06/2020 15:30:00,282,285.99,278.4,282.47,689248
26/06/2020 15:30:00,269.8,280.8,268,276.45,1727846
29/06/2020 15:30:00,274,274,270.01,271.17,716802
30/06/2020 15:30:00,274,276.99,271.22,271.73,548385
01/07/2020 15:30:00,272.73,275.4,271.2,272.61,382997
02/07/2020 15:30:00,288,293.56,279.06,282.47,2158418
03/07/2020 15:30:00,283,285,279.6,281.02,599488
06/07/2020 15:30:00,281.1,283.1,278.8,280.15,614933
07/07/2020 15:30:00,282,282.2,278.01,279.48,480214
08/07/2020 15:30:00,279.4,282.67,276.92,278.02,472306
09/07/2020 15:30:00,279.2,280,276.23,277.01,352999
10/07/2020 15:30:00,275,288.8,272,280.19,1832270
13/07/2020 15:30:00,288.8,288.8,277.27,279.47,1325294
14/07/2020 15:30:00,277.4,277.4,271.11,272.43,755567
15/07/2020 15:30:00,273.03,275.8,270,270.39,554120
16/07/2020 15:30:00,271,275.8,267,272.84,528436
17/07/2020 15:30:00,274.8,280,273.34,274.19,807945
20/07/2020 15:30:00,276,277.8,274.2,275.29,505497
21/07/2020 15:30:00,276.3,282.44,275.29,278.04,1155149
22/07/2020 15:30:00,279,279.74,274,274.59,458144
23/07/2020 15:30:00,274.62,277.2,273.01,274.3,419217
24/07/2020 15:30:00,273.02,274.4,271.2,271.57,376199
27/07/2020 15:30:00,271.6,272.21,268.41,268.97,320916
28/07/2020 15:30:00,269,270.8,268,269.11,256364
29/07/2020 15:30:00,269,273.8,268.61,270.55,385496
30/07/2020 15:30:00,270.2,271.99,268,268.14,261621
31/07/2020 15:30:00,269.16,269.34,266.43,267.17,214884
03/08/2020 15:30:00,267.4,272.4,266.84,267.94,293417
04/08/2020 15:30:00,267.2,269.58,267.04,267.96,226477
05/08/2020 15:30:00,269,269.4,267,267.39,221229
06/08/2020 15:30:00,267.5,269.41,266.04,266.91,300335
07/08/2020 15:30:00,267,267.8,266,266.27,270307
10/08/2020 15:30:00,266.4,267.4,264.09,264.75,307775
11/08/2020 15:30:00,264.8,276.86,263.01,274.41,1109433
12/08/2020 15:30:00,270,282.8,270,277.36,1764191
13/08/2020 15:30:00,279.6,282.38,275.02,276.82,688942
14/08/2020 15:30:00,277.01,281.9,270.01,273.72,986495
17/08/2020 15:30:00,275.6,280.72,272.06,276.71,870687
18/08/2020 15:30:00,276,277.98,275,275.53,342010
19/08/2020 15:30:00,277.2,280.4,267.6,272.36,1279857
20/08/2020 15:30:00,269,271.49,266.45,269.41,610627
21/08/2020 15:30:00,270.02,271.78,267.1,268.36,427626
24/08/2020 15:30:00,268.4,270,267.06,267.62,349571
25/08/2020 15:30:00,269.6,271.13,268,268.35,364439
26/08/2020 15:30:00,269.01,277.44,268.44,273.86,1102150
27/08/2020 15:30:00,274.9,276.8,273,273.5,330141
28/08/2020 15:30:00,273.2,275.96,272.51,273.3,323813
31/08/2020 15:30:00,279.8,279.8,267.2,268.85,582689
01/09/2020 15:30:00,267.2,273,267.2,270.3,334563
02/09/2020 15:30:00,272.6,273.98,270.62,271.95,246512
03/09/2020 15:30:00,273.2,277.6,272.24,273.74,499625
04/09/2020 15:30:00,269.6,273.8,269.6,273.04,318122
07/09/2020 15:30:00,278,290.33,273.2,282.97,3210807
08/09/2020 15:30:00,284.2,291.98,270,275.89,3200805
09/09/2020 15:30:00,270,271.74,264.23,269.78,1900528
10/09/2020 15:30:00,272,276.79,270.03,274.17,668786
11/09/2020 15:30:00,273.9,275.2,270.2,274.11,445384
14/09/2020 15:30:00,272,277.6,270,273.57,861596
15/09/2020 15:30:00,275,277.6,272.23,273.96,298472
16/09/2020 15:30:00,275.2,275.4,272.8,273.48,232143
17/09/2020 15:30:00,272.2,274.82,271.8,274.14,330915
18/09/2020 15:30:00,275.2,284,274.14,281.07,753209
21/09/2020 15:30:00,285,286,276,279.47,947382
22/09/2020 15:30:00,278,278,266.02,271.14,569167
23/09/2020 15:30:00,273,276,270.65,274.57,274748
24/09/2020 15:30:00,270.57,273.2,266.4,267.77,399473
25/09/2020 15:30:00,272,272,268,270.41,222705
28/09/2020 15:30:00,272,274.5,271,273.41,236418
29/09/2020 15:30:00,274,279,272.8,276.67,437120
30/09/2020 15:30:00,276.68,283.9,273.74,276.8,637109
01/10/2020 15:30:00,282,282,274,275.86,297196
05/10/2020 15:30:00,278,278.21,271.25,275.21,406746
06/10/2020 15:30:00,272.6,274.6,272,272.77,203011
07/10/2020 15:30:00,274,275.3,269.8,271.38,393986
08/10/2020 15:30:00,273.6,273.99,270,271.12,268484
09/10/2020 15:30:00,273.3,273.3,269.7,270.2,151208
12/10/2020 15:30:00,271,273.96,266,266.93,443935
13/10/2020 15:30:00,267.61,269.6,266.67,267.3,163871
14/10/2020 15:30:00,270,271.52,266.2,267.61,346035
15/10/2020 15:30:00,268,269.54,265.2,265.9,234817
16/10/2020 15:30:00,265.8,268,265,265.62,141609
19/10/2020 15:30:00,266,267,265.06,265.38,119596
20/10/2020 15:30:00,265.2,268.54,265.2,266.44,212949
21/10/2020 15:30:00,267.31,268.78,265.6,266.35,156434
22/10/2020 15:30:00,266.6,267.54,265.27,265.55,90626
23/10/2020 15:30:00,265.8,266.57,265.4,265.59,84503
26/10/2020 15:30:00,265.8,266.2,263.6,264.13,159576
27/10/2020 15:30:00,265.2,265.78,259.41,265.2,214182
28/10/2020 15:30:00,264.8,267.8,262,266.67,185018
29/10/2020 15:30:00,262,268,262,266.12,165784
30/10/2020 15:30:00,264.56,265.89,262,263.04,116348
02/11/2020 15:30:00,264.04,264.35,260,260.45,123930
03/11/2020 15:30:00,260.6,262.3,260,260.29,107309
04/11/2020 15:30:00,258.57,261.76,258.01,260.11,128498
05/11/2020 15:30:00,260.22,263.31,260.22,262.08,159682
06/11/2020 15:30:00,263.6,263.68,261.66,262.24,108108
09/11/2020 15:30:00,263.6,264.51,262.2,262.57,134488
10/11/2020 15:30:00,265,283.37,264.41,274.87,1889923
11/11/2020 15:30:00,279.6,281.4,268.6,274.25,611896
12/11/2020 15:30:00,275,280,271.02,276.29,494237
13/11/2020 15:30:00,273.8,280.6,273.18,277.85,619636
17/11/2020 15:30:00,279.73,281.4,274.52,276.06,418712
18/11/2020 15:30:00,273,274.19,270.42,273.06,311995
19/11/2020 15:30:00,272.8,276,272,275.21,227210
20/11/2020 15:30:00,278,279.8,272.33,276.23,503583
23/11/2020 15:30:00,273.6,274.8,271.4,272.47,322526
24/11/2020 15:30:00,274.04,275.84,271.4,272.46,224459
25/11/2020 15:30:00,274,274,270.6,270.78,189928
26/11/2020 15:30:00,271.2,271.99,269.26,270.27,122926
27/11/2020 15:30:00,269.26,273.35,269.26,270.69,198922
01/12/2020 15:30:00,271.6,273.6,270.7,271.62,189344
02/12/2020 15:30:00,273.6,273.76,269.31,269.98,186840
03/12/2020 15:30:00,272.8,279.21,270,275.61,631548
04/12/2020 15:30:00,276.4,319.4,276.4,314.12,10432630
07/12/2020 15:30:00,317,344,316.6,338.31,7808616
08/12/2020 15:30:00,341.36,360,319.32,329.7,6108179
09/12/2020 15:30:00,333.32,340.25,320.2,323.55,3686437
10/12/2020 15:30:00,281,304.93,281,290.55,17186934
11/12/2020 15:30:00,280.79,289.76,280,284.2,9772926
14/12/2020 15:30:00,284.98,301.74,284.41,295.8,9444600
15/12/2020 15:30:00,298.98,299.6,286.22,288.2,5273914
16/12/2020 15:30:00,290.76,291.18,284,284.68,3560008
17/12/2020 15:30:00,286.2,288.22,284.05,284.97,1327523
18/12/2020 15:30:00,286,291.3,282,284.9,3269771
21/12/2020 15:30:00,284.76,287.5,271.8,274.7,2556756
22/12/2020 15:30:00,274.8,281.79,267.29,279.81,2680817
23/12/2020 15:30:00,280.88,284.7,275.81,282.31,1632777
24/12/2020 15:30:00,284.2,285.68,280.64,281.79,1242982
28/12/2020 15:30:00,284,287.66,282.22,283.59,1324341
29/12/2020 15:30:00,285.2,285.58,281.6,282.16,928547
30/12/2020 15:30:00,284,288.6,281.6,286.99,1637204
31/12/2020 15:30:00,289,293,286.15,287.56,2644030
01/01/2021 15:30:00,289.4,291.8,288.02,289,1164188
04/01/2021 15:30:00,292.4,293.6,289,290.21,1052506
05/01/2021 15:30:00,288.74,292.6,286.29,291.37,1238935
06/01/2021 15:30:00,292.39,302.98,289.8,296.69,4244765
07/01/2021 15:30:00,298.8,301.98,296,297.89,1769008
08/01/2021 15:30:00,300.8,301.96,292.15,294.3,1568909
11/01/2021 15:30:00,296.47,296.8,290.4,292.14,1029958
12/01/2021 15:30:00,292.14,299.4,290.8,296.09,1804821
13/01/2021 15:30:00,298.4,298.71,288.44,292.23,1180696
14/01/2021 15:30:00,293.69,296.43,290.49,292.62,1123619
15/01/2021 15:30:00,293.69,294,287.4,288.24,996644
18/01/2021 15:30:00,289.69,292.37,283.54,284.67,1265872
19/01/2021 15:30:00,287.6,289.57,286.56,288.7,577500
20/01/2021 15:30:00,290,291.68,287.4,290.54,574115
21/01/2021 15:30:00,292,296.63,290,290.9,1208440
22/01/2021 15:30:00,290.8,292.49,284.62,286.49,882007
25/01/2021 15:30:00,286.6,289.09,283.41,285.25,699480
27/01/2021 15:30:00,286.55,288.73,284.45,287.65,823107
28/01/2021 15:30:00,287.3,299.74,286.6,291.41,2827956
29/01/2021 15:30:00,293.6,295.79,289.04,291.22,1400736
01/02/2021 15:30:00,293.95,299.54,290.23,291.98,2441698
02/02/2021 15:30:00,293.6,295.6,292.27,294.1,1063176
03/02/2021 15:30:00,295.48,299.6,292.43,293.87,1862533
04/02/2021 15:30:00,294.96,308,292.85,303.78,2205120
05/02/2021 15:30:00,309.94,313.6,303,311,3005886
08/02/2021 15:30:00,313.96,325.8,312.4,323.74,4852761
09/02/2021 15:30:00,324.8,337.78,318.4,328.35,5315247
10/02/2021 15:30:00,329.68,334.8,322.22,323.68,3051054
11/02/2021 15:30:00,325.2,327.39,322.35,323.8,1120998
12/02/2021 15:30:00,325.49,353.54,325.2,346.38,7299539
15/02/2021 15:30:00,346.8,349,336.4,342.62,2921000
16/02/2021 15:30:00,343.6,346.75,332.4,334.83,1776370
17/02/2021 15:30:00,334.4,346,331.4,339.73,2092090
18/02/2021 15:30:00,337.21,345.2,337.21,340.24,936104
19/02/2021 15:30:00,340.59,343.05,331.19,335.08,997364
22/02/2021 15:30:00,335,335,319.6,323.17,1717799
23/02/2021 15:30:00,322.99,328.42,318.56,326.58,937489
24/02/2021 15:30:00,327.6,339.4,326.02,335.09,647085
25/02/2021 15:30:00,337,347.95,334,345.39,1907444
26/02/2021 15:30:00,339,361.99,336,351.93,5127721
01/03/2021 15:30:00,357.59,394.97,355.11,387.69,6616257
02/03/2021 15:30:00,394.1,397.6,374.01,379.53,5559277
03/03/2021 15:30:00,379.8,386,376,377.22,1831971
04/03/2021 15:30:00,377,403.16,374,392.22,9592188
05/03/2021 15:30:00,393.99,399.68,379.2,388.17,3595828
08/03/2021 15:30:00,392,405.4,385.32,403.09,4183381
09/03/2021 15:30:00,410,414.6,403,405.34,4782464
10/03/2021 15:30:00,409,409.56,401.4,403.7,1695813
12/03/2021 15:30:00,406,412.74,393,397.47,2502959
15/03/2021 15:30:00,401.29,401.29,383,389.41,2109912
16/03/2021 15:30:00,385.72,387.94,378,380.81,2205067
17/03/2021 15:30:00,381,383.89,360.2,364.8,2363751
18/03/2021 15:30:00,367.6,372,348,353.33,3667455
19/03/2021 15:30:00,350,375,340.6,371.09,4907008
22/03/2021 15:30:00,371.4,375.8,360.83,367.61,2250190
23/03/2021 15:30:00,369.7,372.2,366.2,368.43,1320265
24/03/2021 15:30:00,365.94,367.36,350.08,352.11,2089103
25/03/2021 15:30:00,353.8,353.8,341,344.37,2167692
26/03/2021 15:30:00,350,354,343.66,349.48,1776133
30/03/2021 15:30:00,348.08,354.8,348.08,351.05,1473085
31/03/2021 15:30:00,351.74,354.99,347,351.4,1086001
01/04/2021 15:30:00,352,355.89,350,350.35,944947
05/04/2021 15:30:00,345.2,347.59,335.48,340.53,1622830
06/04/2021 15:30:00,340.53,343.8,336.6,337.71,1011705
07/04/2021 15:30:00,336.84,344.28,334.6,341.8,1467086
08/04/2021 15:30:00,339.76,347.84,336,345.28,1940435
09/04/2021 15:30:00,346,350.74,343,346.18,1250823
12/04/2021 15:30:00,336.04,339.54,314.69,316.4,2807259
13/04/2021 15:30:00,316.41,324.6,316.41,322.33,1226264
15/04/2021 15:30:00,318.42,326.58,317.8,321.62,1158163
16/04/2021 15:30:00,322.2,327.62,321.2,325.49,968083
19/04/2021 15:30:00,310,324,310,322.54,1193238
20/04/2021 15:30:00,323.2,329.79,323.2,328.01,1143229
22/04/2021 15:30:00,322.8,336.2,322.8,334.61,988502
23/04/2021 15:30:00,334,343.58,332.2,342.4,1629474
26/04/2021 15:30:00,344.38,347.85,343.6,346.17,791759
27/04/2021 15:30:00,346,360.52,342.93,358.64,2259767
28/04/2021 15:30:00,360,363.6,355,359.17,1538029
29/04/2021 15:30:00,360.2,363.6,353.06,358.51,1212095
30/04/2021 15:30:00,356.98,361.83,351.55,358.28,756655
03/05/2021 15:30:00,352.2,356.39,350.6,353.11,773316
04/05/2021 15:30:00,357,357.81,352.2,354.04,586043
05/05/2021 15:30:00,355,356.59,343,344.73,1215718
06/05/2021 15:30:00,347.1,348.8,343.21,345.04,477236
07/05/2021 15:30:00,340,341.97,336.3,338.68,831099
10/05/2021 15:30:00,340,351.5,338.19,349.73,1028911
11/05/2021 15:30:00,345,360.08,344.61,358.46,1297267
12/05/2021 15:30:00,359.8,365.8,346.56,349.32,1627887
14/05/2021 15:30:00,352,354.8,346,349.53,1171451
17/05/2021 15:30:00,352.63,356.2,348.6,352.42,774812
18/05/2021 15:30:00,356,368.55,354.05,367.01,1905360
19/05/2021 15:30:00,368.8,376.99,368,371.62,2098770
20/05/2021 15:30:00,372.4,374.08,364.56,371.13,959830
21/05/2021 15:30:00,372,378.94,370.01,372.4,1200153
24/05/2021 15:30:00,374,380.56,373.48,376.9,1271177
25/05/2021 15:30:00,380.3,382.8,378,381.59,989516
26/05/2021 15:30:00,384,386.01,377.6,378.81,922757
27/05/2021 15:30:00,380,388.23,375.2,385.67,2284298
28/05/2021 15:30:00,385.6,385.67,377.77,379.25,671277
31/05/2021 15:30:00,381.97,383.8,379.43,380.64,497158
01/06/2021 15:30:00,382.36,384.53,377.6,378.92,419742
02/06/2021 15:30:00,379.99,385.5,379.05,383.59,576755
03/06/2021 15:30:00,385.6,389.72,383.2,384.36,549947
04/06/2021 15:30:00,387.4,387.4,382.71,384.34,359621
07/06/2021 15:30:00,387.8,422.77,385.34,418.96,6144067
08/06/2021 15:30:00,426.19,436.8,424.4,428.97,6490285
09/06/2021 15:30:00,432,432.6,412,414.24,2335741
10/06/2021 15:30:00,418.7,424.2,410.33,421.27,1795502
11/06/2021 15:30:00,423,426.4,416.2,418.75,844059
14/06/2021 15:30:00,417.99,418.4,405,412.88,1002396
15/06/2021 15:30:00,414.2,427.97,412.4,419.59,1912498
16/06/2021 15:30:00,421.89,424.39,415.06,417.99,856943
17/06/2021 15:30:00,414,417.79,407.28,410.08,754284
18/06/2021 15:30:00,414.05,414.05,395.73,402.34,1304337
21/06/2021 15:30:00,400,418.75,396.23,415.37,1693260
22/06/2021 15:30:00,420,425.67,415,416.6,1285749
23/06/2021 15:30:00,420.4,422.28,414.4,415.65,809624
24/06/2021 15:30:00,419.6,419.6,413.2,414.59,541514
25/06/2021 15:30:00,416.87,417.7,410.62,413.77,475822
28/06/2021 15:30:00,416.8,422.49,413.68,415.55,707732
29/06/2021 15:30:00,418.4,425.38,413.01,416.37,1673477
30/06/2021 15:30:00,412.11,420.75,404.29,406.77,2562914
01/07/2021 15:30:00,409.56,411.77,406.06,406.96,750998
02/07/2021 15:30:00,409.6,413.79,407.4,412.11,522059
05/07/2021 15:30:00,416.8,439,413.63,434.72,3150583
06/07/2021 15:30:00,440,444.4,432,433.78,3840497
07/07/2021 15:30:00,433.78,439.8,432.07,437.69,1005371
08/07/2021 15:30:00,439,449.6,437,438.78,2645206
09/07/2021 15:30:00,438.78,444.8,433.69,441.85,1483111
12/07/2021 15:30:00,445.79,454.38,443.45,452.58,2088571
13/07/2021 15:30:00,454.6,456.79,451.23,454.89,1717447
14/07/2021 15:30:00,456.38,456.38,449.11,453.28,682352
15/07/2021 15:30:00,453.28,459.42,450.2,453.66,891858
16/07/2021 15:30:00,454.8,491.48,453.75,485.33,6928019
19/07/2021 15:30:00,480.98,491.2,477.09,484.9,2359576
20/07/2021 15:30:00,487.2,495.99,474,476.13,2488163
22/07/2021 15:30:00,480.8,483.41,468.4,473.03,1349303
23/07/2021 15:30:00,473.98,476.49,463.2,465.07,1048692
26/07/2021 15:30:00,466.9,473,460.41,462.66,1306299
27/07/2021 15:30:00,465.59,469.4,456.2,459.11,926459
28/07/2021 15:30:00,461,463,452.57,456.73,715806
29/07/2021 15:30:00,457.56,468.7,457.2,464.22,892458
30/07/2021 15:30:00,464.8,472.4,460,466.26,871483
02/08/2021 15:30:00,493.8,502.6,484.47,493.78,7333311
03/08/2021 15:30:00,496.25,499.5,489,493.57,1719629
04/08/2021 15:30:00,496,507,493.13,498.23,2302562
05/08/2021 15:30:00,500.2,504.4,493.06,494.58,1415170
06/08/2021 15:30:00,497,500.92,494.78,497.52,710663
09/08/2021 15:30:00,500.08,536,499.47,529.64,5434449
10/08/2021 15:30:00,533,545,524,527.92,4543676
11/08/2021 15:30:00,531.39,534.37,505.6,514.45,2973184
12/08/2021 15:30:00,518.79,545.77,514.45,537.96,6068398
13/08/2021 15:30:00,542.86,542.86,527.6,532.14,2337717
16/08/2021 15:30:00,534.76,534.76,522.4,525.92,991262
17/08/2021 15:30:00,526,539,523,533.92,1650724
18/08/2021 15:30:00,536.55,550,534.65,543.81,2725954
20/08/2021 15:30:00,540,542.6,522.2,529.26,1656007
23/08/2021 15:30:00,533,536.99,507.11,510.82,1711982
24/08/2021 15:30:00,514,522.31,508,512.96,1399276
25/08/2021 15:30:00,515.38,530.7,514.15,527.3,2516531
26/08/2021 15:30:00,529.59,532.78,523,524.34,1401991
27/08/2021 15:30:00,525,531.36,521,529.74,893221
30/08/2021 15:30:00,533.6,542.6,531.8,539.55,1328435
31/08/2021 15:30:00,542.2,551.9,540.2,550.4,2050223
01/09/2021 15:30:00,551,553.08,543.6,549.25,914965
02/09/2021 15:30:00,549.2,571.6,548.6,565.99,2462818
03/09/2021 15:30:00,568.8,579.46,565.3,573.98,1751547
06/09/2021 15:30:00,577.12,608,575.83,601.68,5060514
07/09/2021 15:30:00,610,661,609.07,657.38,11555311
08/09/2021 15:30:00,666,684.53,653.11,659.28,8872794
09/09/2021 15:30:00,650,671.6,636.45,659,5665215
13/09/2021 15:30:00,663,690.14,662,687.15,4778463
14/09/2021 15:30:00,697.4,751.76,695.2,747.69,11821825
15/09/2021 15:30:00,758.8,787.98,730.45,736.45,8556280
16/09/2021 15:30:00,748.96,759.75,736.45,753.94,3602211
17/09/2021 15:30:00,764,803.94,758.14,772.68,12324159
20/09/2021 15:30:00,769.76,769.76,736.04,741.58,4695511
21/09/2021 15:30:00,745.73,769.96,710,724.91,5303431
22/09/2021 15:30:00,734.8,750,728.1,734.26,2908094
23/09/2021 15:30:00,748.8,751.8,736,738.81,1430787
24/09/2021 15:30:00,744,747.2,728,737.85,1539638
27/09/2021 15:30:00,747.02,773,740.2,766.98,3722464
28/09/2021 15:30:00,779,795,756.4,773.12,6577314
29/09/2021 15:30:00,771.78,771.78,751.11,754.03,2579151
30/09/2021 15:30:00,764,776,755.44,759.7,2924892
01/10/2021 15:30:00,755.4,764.2,746.63,758.72,1599816
04/10/2021 15:30:00,762.52,812.97,761.68,801.78,5278868
05/10/2021 15:30:00,817,841.68,801,833.22,7369295
06/10/2021 15:30:00,839.8,902,836,892.67,11716236
07/10/2021 15:30:00,919.6,953.79,905.01,938.18,8645520
08/10/2021 15:30:00,964.8,992.84,944.22,975.31,12273462
11/10/2021 15:30:00,980.98,985.7,950,954.51,6014937
12/10/2021 15:30:00,953,975.4,945,963.45,3279400
13/10/2021 15:30:00,970.2,992,966.25,985.76,3242132
14/10/2021 15:30:00,1000.8,1118.8,998,1092.71,14235420
18/10/2021 15:30:00,1118.8,1193.4,1115.01,1175.54,7938916
19/10/2021 15:30:00,1235,1279.26,999.21,1090.97,14861150
20/10/2021 15:30:00,981.88,999.96,875.46,886.87,19666785
21/10/2021 15:30:00,888.14,950,882.82,914.65,9272239
22/10/2021 15:30:00,925.6,936,890.01,924.51,5604504
25/10/2021 15:30:00,937,937,792.22,804.47,7773301
26/10/2021 15:30:00,813.6,880,810.2,837.9,8202241
27/10/2021 15:30:00,850.1,866.96,806.75,826.03,5358793
28/10/2021 15:30:00,817,983,810,913.5,59298778
29/10/2021 15:30:00,822.15,906.45,639.45,845.7,82848030
01/11/2021 15:30:00,874.2,885,809.25,855.45,29989312
02/11/2021 15:30:00,868.4,868.8,844.25,848.2,9742650
03/11/2021 15:30:00,840,848.9,815.1,819.85,10088006
04/11/2021 19:15:00,828.25,828.25,820,822.25,2229843
08/11/2021 15:30:00,819,840,779.85,832.85,11974709
09/11/2021 15:30:00,835,858,834,856,9656004
10/11/2021 15:30:00,856,866,847,849.85,6275409
11/11/2021 15:30:00,849,856,835,847.3,4924717
12/11/2021 15:30:00,853,876,847,864.85,9255302
15/11/2021 15:30:00,877.95,923,869,903.4,21402501
16/11/2021 15:30:00,915.8,929,911.35,921.05,9298944
17/11/2021 15:30:00,925,928.7,900.1,903.6,7189458
18/11/2021 15:30:00,903.5,905.9,871.1,890.65,7714073
22/11/2021 15:30:00,912,919.7,872.35,886.75,11376478
23/11/2021 15:30:00,877,897.6,872.6,892.8,6078636
24/11/2021 15:30:00,898,901.7,853.1,862.8,7679846
25/11/2021 15:30:00,863,874.5,835.65,865.55,9169669
26/11/2021 15:30:00,849,854.95,820,823.05,10211011
29/11/2021 15:30:00,786,801,750.55,775.8,13888743
30/11/2021 15:30:00,790.3,819.9,787.6,795.15,37176726
01/12/2021 15:30:00,809,817,796.35,811.95,6448797
02/12/2021 15:30:00,815.25,825,803,821.25,4869021
03/12/2021 15:30:00,819,831.45,810,819.9,4777395
06/12/2021 15:30:00,815,819.5,798.2,801.4,4473930
07/12/2021 15:30:00,809.95,829.8,807,823.05,4528051
08/12/2021 15:30:00,830.5,856.7,829.05,851.4,7190775
09/12/2021 15:30:00,856,863,841.55,856.85,5118754
10/12/2021 15:30:00,851,869.95,850,857.95,4358630
13/12/2021 15:30:00,862.5,878.2,856.25,858.7,4485978
14/12/2021 15:30:00,860,860,843,855.05,3374432
15/12/2021 15:30:00,851.2,867.4,848,851.2,2762485
16/12/2021 15:30:00,857.05,860.8,841.35,852.15,2918474
17/12/2021 15:30:00,850,851.9,825.45,832.4,4227183
20/12/2021 15:30:00,807,825.7,780.7,794.1,7418777
21/12/2021 15:30:00,805,818.85,800,814.75,3613582
22/12/2021 15:30:00,820,842.6,819,839.75,3721795
23/12/2021 15:30:00,846.7,847.35,834.2,841.35,2917612
24/12/2021 15:30:00,841,842.8,828.5,837.2,2502607
27/12/2021 15:30:00,823,840,823,839,2640676
28/12/2021 15:30:00,840.7,876.6,840.55,863.5,8220616
29/12/2021 15:30:00,859.45,864,847,849.35,3670117
30/12/2021 15:30:00,846.7,847.8,831.1,833,3488161
31/12/2021 15:30:00,834.9,840,829.15,831.75,2712460
03/01/2022 15:30:00,831.9,850,830.35,845.65,3501695
04/01/2022 15:30:00,850,853.7,843.3,848.05,2496924
05/01/2022 15:30:00,845,847.1,828,840.6,3312721
06/01/2022 15:30:00,825,847.9,825,843.25,2842824
07/01/2022 15:30:00,843.25,888,842.45,860.95,12254034
10/01/2022 15:30:00,862.5,878.75,862.5,873.45,4778546
11/01/2022 15:30:00,875,883,859.15,862.4,3257687
12/01/2022 15:30:00,868.8,869.4,848.25,861.25,3419540
13/01/2022 15:30:00,861.25,874,853.05,868.15,3384510
14/01/2022 15:30:00,863.9,908,856.7,902.7,14072932
17/01/2022 15:30:00,910,918.65,891.25,897.35,6834869
18/01/2022 15:30:00,899.9,904.2,855.9,861.1,5857768
19/01/2022 15:30:00,863.5,877.95,850.3,875.95,4437914
20/01/2022 15:30:00,875.75,885,865.65,880.4,3262969
21/01/2022 15:30:00,873,881,855,861.7,3915909
24/01/2022 15:30:00,859.5,860.15,805,809.8,7654105
25/01/2022 15:30:00,809,833,784.8,829.9,5090144
27/01/2022 15:30:00,818.6,824.4,803,813.8,4740612
28/01/2022 15:30:00,825.75,860,817,844.6,5541007
31/01/2022 15:30:00,855,880.95,849.6,868,4650001
01/02/2022 15:30:00,894.6,899.9,848.6,856.9,11012459
02/02/2022 15:30:00,863,868,857,860.9,2531086
03/02/2022 15:30:00,860.5,871.85,857,860.65,2603770
04/02/2022 15:30:00,861,865.5,851.25,855.75,2105561
07/02/2022 15:30:00,858.75,868.55,830,835.6,4119747
08/02/2022 15:30:00,842.5,848.6,821.5,838.05,3851680
09/02/2022 15:30:00,859,868.4,845.1,849.95,6791815
10/02/2022 15:30:00,855,855.15,840.3,845.9,2569073
11/02/2022 15:30:00,835.5,841.95,825,830.75,2582020
14/02/2022 15:30:00,819.5,819.95,792.35,798.35,4917765
15/02/2022 15:30:00,805,823,791.5,820.5,4358562
16/02/2022 15:30:00,830.8,838,820.2,825,2883449
17/02/2022 15:30:00,829.95,834,820,821.85,2350333
18/02/2022 15:30:00,818,827.3,813.05,816.35,1905006
21/02/2022 15:30:00,810,816,796,803.4,3000870
22/02/2022 15:30:00,781,799.35,780,789.6,4301060
23/02/2022 15:30:00,799.9,819,795,814.35,4772916
24/02/2022 15:30:00,775,794.35,735,738.05,10021435
25/02/2022 15:30:00,770,803.5,768,800,7097351
28/02/2022 15:30:00,780.3,812,780.2,809.35,4654745
02/03/2022 15:30:00,795,815.8,795,808.8,3010826
03/03/2022 15:30:00,822,822,796.85,799.65,2962409
04/03/2022 15:30:00,780,780.2,730,747.25,15395743
07/03/2022 15:30:00,740,740,708.4,718,6257302
08/03/2022 15:30:00,718,728.95,709.05,718.05,4872109
09/03/2022 15:30:00,730.95,738.6,719.05,735.05,4485413
10/03/2022 15:30:00,762,772,750,758.1,5542997
11/03/2022 15:30:00,754.3,765,748,757.75,2461743
14/03/2022 15:30:00,743,762.85,738.55,752.85,3574348
15/03/2022 15:30:00,759,769.9,751.05,756.4,3053279
16/03/2022 15:30:00,768,773.6,764.4,768.25,2456680
17/03/2022 15:30:00,776.25,779.6,767.15,770.45,2471381
21/03/2022 15:30:00,773.05,782.7,768,770.75,2165538
22/03/2022 15:30:00,774,774,752.1,765.8,2670547
23/03/2022 15:30:00,772,785.6,763,766.45,3000265
24/03/2022 15:30:00,766.4,779.4,760.3,772.5,1803315
25/03/2022 15:30:00,779,779.25,768,770.05,1756340
28/03/2022 15:30:00,771,776.95,758.6,766.25,2500762
29/03/2022 15:30:00,769,775.75,766,767.6,2496305
30/03/2022 15:30:00,773,795,769,789.55,5002096
31/03/2022 15:30:00,791.05,792.75,773,774.7,2496423
01/04/2022 15:30:00,777,802.65,775.55,798.2,4160527
04/04/2022 15:30:00,803.95,837.7,803,832.7,5650502
05/04/2022 15:30:00,840.85,840.95,819.45,822.35,3480544
06/04/2022 15:30:00,820,828.95,787.75,791.95,5400080
07/04/2022 15:30:00,795.85,801,784,787.75,3337181
08/04/2022 15:30:00,791.85,799.8,789.05,790.35,1715933
11/04/2022 15:30:00,790.35,809,790.35,801.4,2482781
12/04/2022 15:30:00,801.4,801.95,776.4,783.6,2743228
13/04/2022 15:30:00,790,793.7,778,780.3,1501647
18/04/2022 15:30:00,778,778,757.3,767.2,2339997
19/04/2022 15:30:00,771.05,778,745.3,752.75,2121322
20/04/2022 15:30:00,755,761.5,742.85,747.6,2149320
21/04/2022 15:30:00,757.8,761.3,751.15,759.65,1365751
22/04/2022 15:30:00,751.25,766,751,755.2,1361764
25/04/2022 15:30:00,745,754.45,740,745.6,1579619
26/04/2022 15:30:00,749,762.8,749,761.05,1581369
27/04/2022 15:30:00,755,758.55,742.1,748.5,1666186
28/04/2022 15:30:00,756.7,761,744.1,757.4,1902979
29/04/2022 15:30:00,759.95,766.65,745,745.95,1428538
02/05/2022 15:30:00,740,742.7,730.15,737.5,1299170
04/05/2022 15:30:00,740,744.7,719.15,721.65,1654040
05/05/2022 15:30:00,729.95,732.6,714.2,717.2,1245236
06/05/2022 15:30:00,710,710.95,700,704.55,2164692
09/05/2022 15:30:00,699,702.45,684.25,690.75,1879751
10/05/2022 15:30:00,688.75,698.8,675,678.75,1497882
11/05/2022 15:30:00,678.9,688,643.65,657.1,2586387
12/05/2022 15:30:00,653,653,618,620.65,3756193
13/05/2022 15:30:00,626,661,626,651.8,3683558
16/05/2022 15:30:00,657.85,659.85,639.55,653.75,2251248
17/05/2022 15:30:00,655.45,687,650.55,683.15,2795767
18/05/2022 15:30:00,686.2,692.65,668.6,671.75,2385266
19/05/2022 15:30:00,644,661.45,644,654.85,2189389
20/05/2022 15:30:00,670,670,656,662.25,1380474
23/05/2022 15:30:00,665,676.4,651.55,653.25,2459723
24/05/2022 15:30:00,659.65,659.65,639,651.15,2143475
25/05/2022 15:30:00,655,658.25,637,647.45,2333806
26/05/2022 15:30:00,648,652,625.25,639.4,2987486
27/05/2022 15:30:00,649,665,648,652.45,2191764
30/05/2022 15:30:00,663.5,713,662.85,695.1,7812575
31/05/2022 15:30:00,705,711,677.35,692.65,8925215
01/06/2022 15:30:00,692.65,698.85,685.05,687.8,2016185
02/06/2022 15:30:00,687,692.1,671.6,673.1,2332416
03/06/2022 15:30:00,681,685,664.3,665.4,2642554
06/06/2022 15:30:00,665,665,648.15,657.9,1819887
07/06/2022 15:30:00,657,665,650,654.7,1587641
08/06/2022 15:30:00,654.7,663.3,645,647.6,1797454
09/06/2022 15:30:00,644.45,651.9,641.45,649.5,1149323
10/06/2022 15:30:00,642,649.8,641.15,644.65,982264
13/06/2022 15:30:00,635,635,621.7,626.65,2000311
14/06/2022 15:30:00,624,635,619.5,623.2,1952853
15/06/2022 15:30:00,624.95,632.45,622.2,623.35,971460
16/06/2022 15:30:00,633.6,633.95,597.2,600.1,2867076
17/06/2022 15:30:00,599,601.05,581.45,594.35,3552167
20/06/2022 15:30:00,590,597.9,568.45,574.25,2426937
21/06/2022 15:30:00,578,603,574.05,599.85,3366401
22/06/2022 15:30:00,597.7,597.7,584.15,589.8,1686383
23/06/2022 15:30:00,589.8,595.8,581.9,589.5,2026544
24/06/2022 15:30:00,592.05,599.95,590.6,596.5,1938626
27/06/2022 15:30:00,605.05,615,602.5,613,2296044
28/06/2022 15:30:00,610.55,623.5,603.8,620.05,2017990
29/06/2022 15:30:00,612,614.95,597,601.15,2143251
30/06/2022 15:30:00,601.15,603.9,575,576.2,3232913
01/07/2022 15:30:00,576.2,585.8,575.7,579.2,1928361
04/07/2022 15:30:00,581.5,586.5,572,575.4,1698911
05/07/2022 15:30:00,579,583.8,570,570.85,1576894
06/07/2022 15:30:00,570.85,579.15,557,577.3,2751283
07/07/2022 15:30:00,584.3,588,578.1,582.65,2197534
08/07/2022 15:30:00,586,591,583.4,589,1642440
11/07/2022 15:30:00,587.6,594.65,583.75,592.9,1443087
12/07/2022 15:30:00,589,601.2,582.35,590.25,1990023
13/07/2022 15:30:00,593,605.6,591.3,592.8,2991446
14/07/2022 15:30:00,594.95,597.85,581,585.7,1831386
15/07/2022 15:30:00,589,594.4,586.1,591.25,1140354
18/07/2022 15:30:00,595.8,605,595.25,604,2221750
19/07/2022 15:30:00,600,611.5,599,607.75,2129099
20/07/2022 15:30:00,615.95,617.4,606.45,608.15,1599889
21/07/2022 15:30:00,608,612.9,603.15,607.85,1622641
22/07/2022 15:30:00,610.65,616.8,607.05,609.75,1465991
25/07/2022 15:30:00,609.3,610.8,596.05,599.3,1288536
26/07/2022 15:30:00,597.6,598.9,591,596.05,1549042
27/07/2022 15:30:00,593,602.25,588.8,600.95,1176622
28/07/2022 15:30:00,604.1,606.85,598.1,602.5,1600700
29/07/2022 15:30:00,606,640,605.2,637.1,6964646
01/08/2022 15:30:00,646.35,647.9,632.75,641.9,3068787
02/08/2022 15:30:00,639.5,654.9,632,647.95,3211110
03/08/2022 15:30:00,645.35,648.65,635,642.15,1638012
04/08/2022 15:30:00,645,649.4,631.05,639,1794443
05/08/2022 15:30:00,640.65,647.2,637.8,642.35,1225071
08/08/2022 15:30:00,643,661,642.4,658.5,3886443
10/08/2022 15:30:00,663.25,677.5,654.2,673.15,5461816
11/08/2022 15:30:00,688,691.35,652.3,670.1,8853819
12/08/2022 15:30:00,670.2,684.95,663.7,666.45,4080911
16/08/2022 15:30:00,669.8,676,666,668.15,1596822
17/08/2022 15:30:00,668.95,676,668.15,671.65,1526304
18/08/2022 15:30:00,674,723,673,714.15,10273793
19/08/2022 15:30:00,706.9,752.75,697.15,735.15,25609355
22/08/2022 15:30:00,719,726.5,703.2,712.5,9845889
23/08/2022 15:30:00,703,719,698.3,714.95,4889154
24/08/2022 15:30:00,714.95,729,708.15,724.3,4455258
25/08/2022 15:30:00,729.9,733.75,715,717,3528550
26/08/2022 15:30:00,720,727.75,716.1,718.65,1996839
29/08/2022 15:30:00,666,697,666,691.8,5290429
30/08/2022 15:30:00,699.95,713.85,696.2,710.75,3375748
01/09/2022 15:30:00,707,716.85,703.2,707.05,2309164
02/09/2022 15:30:00,713.9,726.2,710.15,712.65,3497693
05/09/2022 15:30:00,716.25,721.45,710,710.9,1573079
06/09/2022 15:30:00,714.9,717.65,705.2,708.3,1471443
07/09/2022 15:30:00,707,711.5,701.6,706.45,1244503
08/09/2022 15:30:00,713.2,724,709.15,714.8,2501592
09/09/2022 15:30:00,718.5,721.45,710,711.8,1383138
12/09/2022 15:30:00,715,725,713.5,721.3,2318918
13/09/2022 15:30:00,724.95,727.7,718,719.95,1479262
14/09/2022 15:30:00,712,718.65,708.05,712.85,1269173
15/09/2022 15:30:00,716.45,738,715.1,724.35,5718669
16/09/2022 15:30:00,724.4,730.35,692,703,3745099
19/09/2022 15:30:00,704.9,709.4,689.8,692,2263251
20/09/2022 15:30:00,699.9,715,698.4,706.15,2330872
21/09/2022 15:30:00,707.95,712.95,695.8,700.35,1419089
22/09/2022 15:30:00,700,705,693.1,700.9,1654457
23/09/2022 15:30:00,703.5,706.85,684,685.8,1804335
26/09/2022 15:30:00,680,681.4,661,664.5,3249490
27/09/2022 15:30:00,668,681.7,664.05,676.65,2808630
28/09/2022 15:30:00,671.9,682.9,666.7,680.1,2044821
29/09/2022 15:30:00,689.05,712,684.5,707,5846347
30/09/2022 15:30:00,705,712,695.2,706,3220279
03/10/2022 15:30:00,705.95,709.45,700.1,706.15,1735784
04/10/2022 15:30:00,714,720,708.7,719.25,2443139
06/10/2022 15:30:00,725.8,734.7,720.05,731.25,4123619
07/10/2022 15:30:00,733,737.6,724.05,735.25,3152365
10/10/2022 15:30:00,725.5,735.45,722.85,731.2,1952447
11/10/2022 15:30:00,735,746.6,721.1,725.6,3747651
12/10/2022 15:30:00,730,734.7,706.55,722.3,2818945
13/10/2022 15:30:00,722,727.9,711.6,724.1,1887973
14/10/2022 15:30:00,732,733.95,719.4,722.85,1612489
17/10/2022 15:30:00,719.2,729.8,712.35,728,1387810
18/10/2022 15:30:00,731.65,734.7,725,731.15,1675213
19/10/2022 15:30:00,733,755.45,730.2,742.8,6094000
20/10/2022 15:30:00,738.95,745,725.6,742.65,2237769
21/10/2022 15:30:00,743,756,735.3,743.55,2936578
25/10/2022 15:30:00,742.25,747,735.6,740.4,1544325
27/10/2022 15:30:00,746,746.9,736.8,741.25,1783787
28/10/2022 15:30:00,741.3,744.8,735.25,739.4,1484665
31/10/2022 15:30:00,744,752.85,738,741.2,1993381
01/11/2022 15:30:00,745,747.65,739.35,742.25,1359226
02/11/2022 15:30:00,742,761.3,738.25,755.45,3424051
03/11/2022 15:30:00,751.95,760,746,751.4,2828562
04/11/2022 15:30:00,752,766.45,748.05,758.5,4743835
07/11/2022 15:30:00,762.3,774.9,761.5,763.9,4583239
09/11/2022 15:30:00,769.5,771,759.5,761.25,1566292
10/11/2022 15:30:00,762,763,738,744.45,2557799
11/11/2022 15:30:00,755,757.7,744.5,747.8,1668424
14/11/2022 15:30:00,751.7,765,750.05,758.8,2342968
15/11/2022 15:30:00,750,750,731.55,740.65,4125858
16/11/2022 15:30:00,742,748.8,722.05,728.15,2945626
17/11/2022 15:30:00,723,738.45,723,726.45,1607026
18/11/2022 15:30:00,731,733,714.35,718.1,1537039
21/11/2022 15:30:00,711,722.05,710.6,715.55,1154333
22/11/2022 15:30:00,714,719,713,715.15,876182
23/11/2022 15:30:00,718.75,724.4,717.2,721.8,1116201
24/11/2022 15:30:00,722,727.8,721.4,723.55,1110302
25/11/2022 15:30:00,727.95,727.95,720,721.7,800689
28/11/2022 15:30:00,720,735.8,719,725.9,1780538
29/11/2022 15:30:00,722.05,729.4,720.1,723,848626
30/11/2022 15:30:00,726,739.4,726,736.2,2643749
01/12/2022 15:30:00,739.9,739.9,730,731.95,1155151
02/12/2022 15:30:00,735,735,727.3,730.1,926912
05/12/2022 15:30:00,733,733.7,725.1,729.1,1114128
06/12/2022 15:30:00,728.9,742.5,714.1,716.45,3646370
07/12/2022 15:30:00,717.5,722.75,712.45,717.3,1847900
08/12/2022 15:30:00,721.6,722.55,715.5,720.65,1090422
09/12/2022 15:30:00,722.5,727.5,717.75,722.15,1253279
12/12/2022 15:30:00,720.95,725,710.5,723.9,1082376
13/12/2022 15:30:00,724.5,730.4,721,722.85,1172294
14/12/2022 15:30:00,725,739.9,723.65,734.9,1858776
15/12/2022 15:30:00,698.5,702.5,687,689.05,14531256
16/12/2022 15:30:00,681.4,682.9,668.15,672.15,8857773
19/12/2022 15:30:00,675.75,681.6,673,676.8,2696707
20/12/2022 15:30:00,676.45,678,667,674.15,4253915
21/12/2022 15:30:00,677.5,678.7,650.15,653.55,3812361
22/12/2022 15:30:00,657,657.45,632.25,640.95,4836262
23/12/2022 15:30:00,634.5,638.05,605,607.25,7402977
26/12/2022 15:30:00,610.1,629.4,606,622.05,3578861
27/12/2022 15:30:00,628,634.95,623.05,633.1,2032618
28/12/2022 15:30:00,635,641,630.45,638.75,2067777
29/12/2022 15:30:00,636,636.8,627.55,633.05,2332891
30/12/2022 15:30:00,638,645.55,635.6,639.7,1680270
02/01/2023 15:30:00,643,644.7,639.1,642.35,937786
03/01/2023 15:30:00,648.95,654.8,642.15,644.05,2364730
04/01/2023 15:30:00,646,646.55,633,635.2,1377074
05/01/2023 15:30:00,638.4,638.4,631.5,637.15,861066
06/01/2023 15:30:00,637.35,639.95,631,636.25,730880
09/01/2023 15:30:00,639.45,641.8,636.3,639.6,592137
10/01/2023 15:30:00,639,642.8,634.6,636.95,978802
11/01/2023 15:30:00,636.2,644,636.2,640.75,922620
12/01/2023 15:30:00,643.7,644.3,638.25,640.65,685572
13/01/2023 15:30:00,642.5,643.5,637.05,641.5,697974
16/01/2023 15:30:00,643,643.35,638,640.05,789814
17/01/2023 15:30:00,640,643.7,633.65,641.15,1093013
18/01/2023 15:30:00,641.55,642.5,637.7,640.15,706202
19/01/2023 15:30:00,639,641,635,640.3,802422
20/01/2023 15:30:00,639.5,651.95,638.5,641.45,1759179
23/01/2023 15:30:00,644.7,645,639.8,642.8,756232
24/01/2023 15:30:00,643.1,647.4,638.6,643.2,845755
25/01/2023 15:30:00,640.35,643.7,625.5,627.55,1518420
27/01/2023 15:30:00,630.7,632.85,601,611.85,2034846
30/01/2023 15:30:00,613.95,626.75,610,624.85,1192737
31/01/2023 15:30:00,626.05,640,622.2,636.6,1169450
01/02/2023 15:30:00,641,652.8,616.8,628.05,3338066
02/02/2023 15:30:00,628,634.45,622.9,630.2,1229577
03/02/2023 15:30:00,631.1,633.2,618,627.45,1017351
06/02/2023 15:30:00,627,636.3,625,634.85,903072
07/02/2023 15:30:00,635,637.9,630.5,636.45,876421
08/02/2023 15:30:00,637.95,642,635.05,641.3,971390
09/02/2023 15:30:00,643,656.7,637,651.45,3035079
10/02/2023 15:30:00,653.7,653.7,641.55,644.15,1367860
13/02/2023 15:30:00,644.15,646.15,633.5,640.1,859178
14/02/2023 15:30:00,642,644.6,636.2,642.05,773609
15/02/2023 15:30:00,640.5,648,631,647.25,826243
16/02/2023 15:30:00,647.25,653,645.9,649.25,908726
17/02/2023 15:30:00,648.15,651.95,645.25,649.9,769510
20/02/2023 15:30:00,649.9,652.9,640.65,641.85,839690
21/02/2023 15:30:00,641.85,647.45,639,642.55,810862
22/02/2023 15:30:00,639.4,639.4,617.8,619.3,1476831
23/02/2023 15:30:00,616,616,601,602.3,1905454
24/02/2023 15:30:00,604.95,610,602,607.85,1103521
27/02/2023 15:30:00,606,607.1,595,599.85,1272125
28/02/2023 15:30:00,602.85,610.65,600.6,609.25,1169989
01/03/2023 15:30:00,603.3,614.8,603.3,611.35,838187
02/03/2023 15:30:00,614.45,614.45,608,609.2,675954
03/03/2023 15:30:00,611,617.5,611,613.95,922970
06/03/2023 15:30:00,615.55,620.95,615.05,615.8,1159437
08/03/2023 15:30:00,615,618.8,612.2,618.25,599416
09/03/2023 15:30:00,618.8,621.4,614,615.05,705160
10/03/2023 15:30:00,612.8,613.5,604.55,611.95,783871
13/03/2023 15:30:00,607.15,613,600,601.65,1063211
14/03/2023 15:30:00,602,605,596.1,603.35,1024101
15/03/2023 15:30:00,605,608.95,601.5,605.65,787957
16/03/2023 15:30:00,604.5,606.6,595.7,603.45,921400
17/03/2023 15:30:00,606.7,619,606.2,611.65,1271225
20/03/2023 15:30:00,606,609.9,600,604.45,694608
21/03/2023 15:30:00,604.25,608.8,602.15,606.75,823110
22/03/2023 15:30:00,609.1,609.9,603.85,604.75,504390
23/03/2023 15:30:00,604.7,606.6,599.65,605.15,932262
24/03/2023 15:30:00,605.1,608.6,598.1,600.05,886735
27/03/2023 15:30:00,598.05,599.95,576.7,582.1,1429219
28/03/2023 15:30:00,584,584,558.85,560.2,2025058
29/03/2023 15:30:00,563,568.7,557.1,564.5,2017776
31/03/2023 15:30:00,568.3,575.5,567.5,572.8,1237105
03/04/2023 15:30:00,577,579.65,566.6,570.3,1707849
05/04/2023 15:30:00,571.05,574.9,564.55,566.65,1555308
06/04/2023 15:30:00,568.6,572.75,566.65,569.9,1559125
10/04/2023 15:30:00,570.15,583,570.15,581.3,1300834
11/04/2023 15:30:00,583,589,578.05,584.9,1285557
12/04/2023 15:30:00,584.9,588.5,579.15,584.4,1406652
13/04/2023 15:30:00,582,594,582,592.65,1102409
17/04/2023 15:30:00,592.65,597.6,584.15,596.65,974707
18/04/2023 15:30:00,597.95,604.9,596.2,603.55,1216107
19/04/2023 15:30:00,606.9,613.85,600.5,606.7,1814835
20/04/2023 15:30:00,606.85,609.9,599,601.75,698282
21/04/2023 15:30:00,602,603.85,594.7,603,830247
24/04/2023 15:30:00,603,607.5,597.3,603.4,870486
25/04/2023 15:30:00,603.95,611,600,607.9,977657
26/04/2023 15:30:00,606,613,604.55,608.2,1087979
27/04/2023 15:30:00,608.2,610.15,605,606.1,702044
28/04/2023 15:30:00,610.1,619.65,608.4,617.8,1552366
02/05/2023 15:30:00,620,631,618.2,626.95,2483827
03/05/2023 15:30:00,626.45,632.8,622.6,627.7,1461740
04/05/2023 15:30:00,627.7,635.55,627.55,631.6,1244544
05/05/2023 15:30:00,630.75,633.7,624,625.4,878399
08/05/2023 15:30:00,628,630.6,625.4,628.1,659593
09/05/2023 15:30:00,628.1,633.4,620,622.6,935395
10/05/2023 15:30:00,623,625.75,618,624.3,650253
11/05/2023 15:30:00,625.05,627.65,624.3,626.6,530789
12/05/2023 15:30:00,626.6,637.2,625.05,628.45,1240961
15/05/2023 15:30:00,625,635.6,625,632.35,927921
16/05/2023 15:30:00,632.05,636.7,624.3,626.15,676721
17/05/2023 15:30:00,626.15,629,618,622.75,671895
18/05/2023 15:30:00,625,627.8,613,614.85,723251
19/05/2023 15:30:00,614.85,617,604.1,610.35,847752
22/05/2023 15:30:00,610.35,624.9,607.1,623.5,1083528
23/05/2023 15:30:00,628.4,636.3,622,624.35,1199438
24/05/2023 15:30:00,624,626.85,618,618.9,659056
25/05/2023 15:30:00,619.5,621.5,616,618.55,595504
26/05/2023 15:30:00,621.8,625.7,619.3,624.35,1185212
29/05/2023 15:30:00,630,647,626.25,645.75,4019467
30/05/2023 15:30:00,637,653.7,627.3,643.75,10121546
31/05/2023 15:30:00,643,650.2,640,649.5,2740993
01/06/2023 15:30:00,650.1,659.1,647.45,649.5,2453298
02/06/2023 15:30:00,653.4,654.75,643.55,645.45,1537757
05/06/2023 15:30:00,636,647.35,636,643.65,1619948
06/06/2023 15:30:00,643.8,646.45,637.05,643,882889
07/06/2023 15:30:00,644.05,657.8,643.95,652.9,2220779
08/06/2023 15:30:00,655,657.8,642.4,644,1224083
09/06/2023 15:30:00,646,646.95,638.9,640.15,745628
12/06/2023 15:30:00,641.95,647,638.6,645.9,864306
13/06/2023 15:30:00,641.35,650.5,641.35,647.6,956702
14/06/2023 15:30:00,646.85,649.75,642.05,643.5,785495
15/06/2023 15:30:00,643.5,649,641.5,643,765612
16/06/2023 15:30:00,645,670.65,643.2,665,5271115
19/06/2023 15:30:00,662,675,660.2,667.85,4493884
20/06/2023 15:30:00,668.5,670.9,660.2,664.05,1519178
21/06/2023 15:30:00,664.05,667.5,659,662.35,1006572
22/06/2023 15:30:00,663.45,666.7,641.8,644.9,1913224
23/06/2023 15:30:00,644.9,646,625.6,627.8,1975633
26/06/2023 15:30:00,625,633.7,621.65,632.45,914109
27/06/2023 15:30:00,635.5,636.5,629.15,630.6,871962
30/06/2023 15:30:00,632.25,641.5,630.25,635.1,1309614
03/07/2023 15:30:00,635.8,640.05,632,633.1,782176
04/07/2023 15:30:00,634,636.75,627.05,628.7,939181
05/07/2023 15:30:00,629.7,633,627.1,630.6,690230
06/07/2023 15:30:00,628,633.35,627.6,632.3,824834
07/07/2023 15:30:00,632.3,636.45,627,630.65,1054909
10/07/2023 15:30:00,631.75,632,614.35,615.9,1947356
11/07/2023 15:30:00,616.25,624.55,615,619,1079845
12/07/2023 15:30:00,619.85,622.45,615.1,620.7,957020
13/07/2023 15:30:00,623,626.6,614.5,617.75,966834
14/07/2023 15:30:00,619.9,623.7,616.6,622.85,757598
17/07/2023 15:30:00,622.05,629.95,622,625.55,1006467
18/07/2023 15:30:00,626,628.05,620,622.85,763870